horizon,target_type,model,info_set,INDPRO,EMP,UNRATE,INCOME,CONS,RETAIL,HOUST,M2,CPI,PPI,sig
1,direct,FM_ABS,-,0.006,0.001,0.148,0.007,0.004,0.011,0.072,0.003,0.002,0.006,
1,direct,AR,-,1.06,1.03,1.04,1.06,1.03,1.02,1.01,1.01,1.03,1.01,*****
1,direct,AdaptiveLasso,F,0.96,0.97,0.97,1.00,1.03,1.04,1.02,0.98,0.98,0.98,
1,direct,AdaptiveLasso,F-X,0.95,1.03,0.96,1.01,1.08,1.09,1.02,0.99,1.06,1.00,
1,direct,AdaptiveLasso,F-MARX,0.95,0.99,0.95,1.00,1.04,1.02,1.01,0.99,0.96,0.93,
1,direct,AdaptiveLasso,F-MAF,0.94,0.99,0.95,1.01,1.04,1.05,1.02,1.00,1.05,1.02,
1,direct,AdaptiveLasso,F-Level,0.96,1.02,0.95,1.00,1.02,1.04,1.02,1.00,1.02,0.99,
1,direct,AdaptiveLasso,F-X-MARX,1.09,1.01,0.95,1.01,1.06,1.03,1.01,0.97,1.04,0.97,
1,direct,AdaptiveLasso,F-X-MAF,0.95,1.01,0.96,1.02,1.06,1.07,1.02,0.98,1.05,1.01,
1,direct,AdaptiveLasso,F-X-Level,0.96,1.02,0.96,1.00,1.04,1.10,1.02,0.98,1.03,1.01,
1,direct,AdaptiveLasso,F-X-MARX-Level,1.10,1.01,0.95,1.00,1.06,1.05,1.01,0.98,1.03,0.97,
1,direct,AdaptiveLasso,X,0.95,1.03,0.96,1.00,1.08,1.05,1.03,0.99,1.04,1.02,
1,direct,AdaptiveLasso,MARX,0.96,1.01,0.96,1.00,1.06,1.03,1.01,0.97,0.96,0.97,
1,direct,AdaptiveLasso,MAF,0.98,1.00,0.96,1.01,1.08,1.05,1.03,1.00,1.09,1.04,
1,direct,AdaptiveLasso,X-MARX,1.15,1.00,0.95,1.00,1.07,1.04,1.01,0.99,1.09,0.97,
1,direct,AdaptiveLasso,X-MAF,1.23,1.02,0.95,1.00,1.06,1.09,1.03,0.98,1.03,1.00,
1,direct,AdaptiveLasso,X-Level,0.96,1.02,0.96,1.00,1.05,1.06,1.03,0.98,1.03,1.01,
1,direct,AdaptiveLasso,X-MARX-Level,1.13,1.01,0.95,1.00,1.06,1.04,1.01,0.97,1.03,0.96,
1,direct,ElasticNet,F,0.97,0.97,0.97,1.01,1.03,1.04,1.00,0.98,0.98,0.97,
1,direct,ElasticNet,F-X,0.96,1.01,0.96,1.01,1.04,1.04,1.01,1.00,1.04,1.00,
1,direct,ElasticNet,F-MARX,0.95,0.98,0.94,1.00,1.05,1.02,1.00,0.99,0.97,0.92,
1,direct,ElasticNet,F-MAF,0.95,0.98,0.95,1.00,1.04,1.06,1.01,0.99,1.04,1.03,
1,direct,ElasticNet,F-Level,0.96,0.98,0.95,1.01,1.03,1.02,0.97,1.00,1.00,0.99,
1,direct,ElasticNet,F-X-MARX,1.09,1.01,0.95,1.00,1.05,1.04,1.00,0.98,1.19,0.96,
1,direct,ElasticNet,F-X-MAF,0.95,1.01,0.96,1.00,1.05,1.10,1.02,0.99,1.06,0.99,
1,direct,ElasticNet,F-X-Level,0.96,1.01,0.96,1.01,1.04,1.03,1.02,0.99,1.03,0.99,
1,direct,ElasticNet,F-X-MARX-Level,1.08,1.01,0.95,1.00,1.05,1.04,1.00,0.98,1.19,0.97,
1,direct,ElasticNet,X,0.96,1.02,0.96,1.00,1.04,1.05,1.02,0.98,1.03,0.99,
1,direct,ElasticNet,MARX,0.96,1.00,0.95,1.00,1.04,1.03,0.99,0.97,0.97,0.95,
1,direct,ElasticNet,MAF,0.97,0.99,0.96,1.01,1.05,1.06,1.03,1.00,1.10,1.03,
1,direct,ElasticNet,X-MARX,1.14,1.00,0.95,1.00,1.06,1.04,1.00,0.98,1.12,0.96,
1,direct,ElasticNet,X-MAF,0.95,1.01,0.96,1.00,1.06,1.04,1.02,1.00,1.03,0.99,
1,direct,ElasticNet,X-Level,0.96,1.01,0.96,0.99,1.04,1.04,1.02,0.98,1.03,1.00,
1,direct,ElasticNet,X-MARX-Level,1.09,1.01,0.95,1.00,1.08,1.07,1.01,0.97,1.04,0.96,
1,direct,LinearBoosting,F,0.97,1.00,0.97,1.00,1.03,1.04,1.00,1.17,1.07,0.99,
1,direct,LinearBoosting,F-X,0.98,1.02,0.96,1.00,1.07,1.05,1.04,1.06,1.08,1.02,
1,direct,LinearBoosting,F-MARX,0.96,1.05,0.96,0.99,1.04,1.03,1.01,1.09,1.00,0.98,
1,direct,LinearBoosting,F-MAF,0.94,0.95,0.94,1.01,1.05,1.03,1.02,1.01,1.06,1.03,
1,direct,LinearBoosting,F-Level,0.95,0.99,0.96,1.01,1.03,1.04,1.02,1.04,1.01,1.01,
1,direct,LinearBoosting,F-X-MARX,0.94,1.05,0.96,1.00,1.07,1.12,1.04,1.08,1.14,0.96,
1,direct,LinearBoosting,F-X-MAF,1.23,1.00,0.95,0.99,1.06,1.05,1.05,0.99,1.03,1.03,
1,direct,LinearBoosting,F-X-Level,0.94,0.99,0.96,1.00,1.07,1.03,1.03,1.02,1.09,1.01,
1,direct,LinearBoosting,F-X-MARX-Level,0.94,0.99,0.94,0.99,1.07,1.05,1.03,1.02,0.98,0.94,
1,direct,LinearBoosting,X,0.96,1.08,0.96,1.02,1.08,1.06,1.04,1.06,1.22,1.02,
1,direct,LinearBoosting,MARX,0.95,1.10,0.95,0.99,1.06,1.04,1.00,1.07,1.09,0.97,
1,direct,LinearBoosting,MAF,0.99,1.00,0.96,1.00,1.06,1.04,1.02,1.02,1.19,1.04,
1,direct,LinearBoosting,X-MARX,0.96,1.08,0.94,1.00,1.06,1.10,1.03,1.09,1.04,0.97,
1,direct,LinearBoosting,X-MAF,0.96,1.02,0.96,1.02,1.11,1.06,1.04,0.98,1.02,1.01,
1,direct,LinearBoosting,X-Level,0.95,1.05,0.96,1.00,1.06,1.06,1.05,1.04,1.03,1.01,
1,direct,LinearBoosting,X-MARX-Level,0.94,1.01,0.94,1.06,1.10,1.03,1.03,1.03,1.03,1.02,
1,direct,RandomForest,F,0.95,0.99,0.97,0.97,1.05,1.04,1.04,0.97,1.00,0.97,
1,direct,RandomForest,F-X,0.96,1.00,0.95,0.98,1.05,1.04,1.04,0.96,1.00,0.97,
1,direct,RandomForest,F-MARX,0.93,0.95,0.94,0.95,1.05,1.03,1.03,0.96,0.97,0.95,
1,direct,RandomForest,F-MAF,0.96,0.97,0.97,0.98,1.04,1.04,1.04,0.97,1.01,0.97,
1,direct,RandomForest,F-Level,0.94,1.00,0.96,1.02,1.05,1.05,1.04,0.96,1.00,0.98,
1,direct,RandomForest,F-X-MARX,0.93,0.96,0.95,0.96,1.05,1.04,1.03,0.96,0.98,0.95,
1,direct,RandomForest,F-X-MAF,0.94,0.98,0.95,0.97,1.06,1.04,1.05,0.96,0.99,0.98,
1,direct,RandomForest,F-X-Level,0.95,0.99,0.95,1.00,1.05,1.04,1.05,0.95,1.00,0.98,
1,direct,RandomForest,F-X-MARX-Level,0.92,0.94,0.95,0.97,1.05,1.04,1.04,0.96,0.97,0.95,
1,direct,RandomForest,X,0.96,1.01,0.95,0.98,1.04,1.04,1.05,0.96,1.00,0.97,
1,direct,RandomForest,MARX,0.93,0.95,0.95,0.94,1.06,1.03,1.03,0.97,0.97,0.95,
1,direct,RandomForest,MAF,0.97,0.99,0.98,0.99,1.05,1.04,1.05,0.98,1.02,0.96,
1,direct,RandomForest,X-MARX,0.93,0.96,0.94,0.96,1.05,1.03,1.04,0.96,0.98,0.95,
1,direct,RandomForest,X-MAF,0.96,0.99,0.95,0.97,1.05,1.04,1.05,0.96,0.99,0.98,
1,direct,RandomForest,X-Level,0.95,0.99,0.95,1.00,1.05,1.05,1.05,0.95,0.99,0.97,
1,direct,RandomForest,X-MARX-Level,0.92,0.95,0.94,0.98,1.06,1.04,1.04,0.96,0.96,0.95,
1,direct,BoostedTrees,F,0.97,1.06,1.01,1.00,1.05,1.03,1.05,1.04,0.98,0.99,
1,direct,BoostedTrees,F-X,0.99,1.03,0.96,1.00,1.05,1.05,1.07,1.00,0.98,0.98,
1,direct,BoostedTrees,F-MARX,0.96,1.02,0.94,1.01,1.06,1.03,1.03,1.00,0.98,0.97,
1,direct,BoostedTrees,F-MAF,0.96,1.06,0.98,1.03,1.06,1.05,1.08,0.99,1.00,0.98,
1,direct,BoostedTrees,F-Level,0.95,1.04,1.00,1.06,1.07,1.05,1.10,0.98,1.01,1.01,
1,direct,BoostedTrees,F-X-MARX,0.98,1.01,0.97,0.98,1.06,1.04,1.06,0.99,1.01,0.99,
1,direct,BoostedTrees,F-X-MAF,0.98,1.04,0.96,1.02,1.06,1.03,1.07,0.99,0.98,1.00,
1,direct,BoostedTrees,F-X-Level,0.96,1.09,0.96,1.04,1.04,1.05,1.08,0.98,1.01,1.02,
1,direct,BoostedTrees,F-X-MARX-Level,0.97,1.04,0.96,0.99,1.07,1.02,1.07,0.99,1.00,0.99,
1,direct,BoostedTrees,X,1.00,1.10,0.97,1.00,1.04,1.04,1.10,0.99,1.00,1.00,
1,direct,BoostedTrees,MARX,0.95,1.03,0.96,1.00,1.07,1.05,1.05,1.02,0.98,0.97,
1,direct,BoostedTrees,MAF,0.97,1.07,0.99,1.04,1.05,1.05,1.09,1.03,1.02,0.99,
1,direct,BoostedTrees,X-MARX,0.96,0.97,0.95,1.01,1.06,1.05,1.08,1.01,0.99,0.97,
1,direct,BoostedTrees,X-MAF,0.98,1.07,0.97,0.99,1.05,1.05,1.07,1.01,1.00,1.00,
1,direct,BoostedTrees,X-Level,0.96,1.06,0.97,1.03,1.05,1.06,1.10,0.99,0.99,1.01,
1,direct,BoostedTrees,X-MARX-Level,0.97,1.02,0.96,0.98,1.07,1.02,1.07,0.97,0.99,0.98,
3,direct,FM_ABS,-,0.004,0.001,0.088,0.003,0.002,0.005,0.033,0.003,0.002,0.004,
3,direct,AR,-,1.08,1.03,1.04,1.09,1.06,1.01,0.96,1.00,1.01,1.00,***
3,direct,AdaptiveLasso,F,0.95,0.91,0.94,0.98,0.99,1.07,1.05,0.98,1.01,0.99,
3,direct,AdaptiveLasso,F-X,0.99,0.98,0.95,1.01,1.03,1.00,0.96,1.04,1.07,0.99,
3,direct,AdaptiveLasso,F-MARX,1.06,1.02,0.89,1.09,1.06,1.05,0.97,0.99,1.07,0.98,
3,direct,AdaptiveLasso,F-MAF,1.10,1.03,0.90,1.01,1.04,1.03,0.97,1.03,1.12,1.03,
3,direct,AdaptiveLasso,F-Level,1.01,1.04,1.41,1.06,1.01,1.06,1.18,0.95,1.26,1.10,
3,direct,AdaptiveLasso,F-X-MARX,0.96,0.94,0.89,1.05,1.04,1.02,0.97,0.96,1.06,0.94,
3,direct,AdaptiveLasso,F-X-MAF,0.98,0.95,0.91,1.00,1.01,0.99,0.96,1.04,1.06,1.00,
3,direct,AdaptiveLasso,F-X-Level,0.97,0.98,0.93,1.02,1.02,1.01,0.96,1.04,1.06,0.98,
3,direct,AdaptiveLasso,F-X-MARX-Level,0.96,0.95,0.90,1.06,1.03,1.05,0.96,0.94,1.06,0.96,
3,direct,AdaptiveLasso,X,0.99,0.98,0.95,1.02,1.03,1.01,0.97,1.03,1.06,0.98,
3,direct,AdaptiveLasso,MARX,1.10,1.08,0.89,1.13,1.09,1.11,0.97,0.96,1.09,0.97,
3,direct,AdaptiveLasso,MAF,1.10,1.08,0.92,1.01,1.11,1.09,0.98,1.09,1.15,1.05,
3,direct,AdaptiveLasso,X-MARX,0.94,0.95,0.89,1.03,1.03,1.03,0.97,0.97,1.03,0.94,
3,direct,AdaptiveLasso,X-MAF,0.98,0.95,0.91,1.00,1.02,0.99,0.97,1.03,1.07,0.99,
3,direct,AdaptiveLasso,X-Level,0.98,0.99,0.93,1.02,1.01,1.01,0.96,1.04,1.07,0.98,
3,direct,AdaptiveLasso,X-MARX-Level,0.96,0.95,0.90,1.06,1.03,1.04,0.96,0.94,1.07,0.97,
3,direct,ElasticNet,F,0.94,0.91,0.92,0.98,1.00,1.07,0.97,0.98,1.00,0.99,
3,direct,ElasticNet,F-X,0.99,0.98,0.92,1.01,1.03,1.00,0.99,1.01,1.06,0.99,
3,direct,ElasticNet,F-MARX,1.06,0.92,0.97,1.12,1.09,1.06,0.98,0.96,1.03,0.96,
3,direct,ElasticNet,F-MAF,1.08,0.98,0.95,1.00,1.05,1.03,1.00,0.99,1.07,1.03,
3,direct,ElasticNet,F-Level,0.97,1.06,1.15,1.06,1.02,1.02,0.99,0.98,1.11,1.08,
3,direct,ElasticNet,F-X-MARX,0.96,0.94,0.89,1.07,1.03,1.02,0.97,0.96,1.04,0.94,
3,direct,ElasticNet,F-X-MAF,0.98,0.96,0.92,1.00,1.01,1.00,0.99,1.01,1.07,0.99,
3,direct,ElasticNet,F-X-Level,0.97,0.99,0.92,1.02,1.02,1.02,1.00,1.03,1.08,0.98,
3,direct,ElasticNet,F-X-MARX-Level,0.95,0.96,0.90,1.07,1.03,1.05,0.98,0.95,1.04,0.94,
3,direct,ElasticNet,X,0.98,0.99,0.92,1.02,1.03,1.00,0.99,1.01,1.07,0.99,
3,direct,ElasticNet,MARX,1.13,0.96,0.97,1.13,1.13,1.06,0.97,0.95,1.02,0.96,
3,direct,ElasticNet,MAF,1.10,1.01,0.98,1.00,1.11,1.04,1.02,1.00,1.08,1.06,
3,direct,ElasticNet,X-MARX,0.96,0.95,0.89,1.07,1.03,1.03,0.97,0.96,1.03,0.93,
3,direct,ElasticNet,X-MAF,0.98,0.96,0.92,1.00,1.01,1.00,0.99,1.01,1.07,1.00,
3,direct,ElasticNet,X-Level,0.98,0.99,0.92,1.02,1.02,1.02,1.00,1.03,1.09,0.98,
3,direct,ElasticNet,X-MARX-Level,0.96,0.97,0.89,1.08,1.03,1.05,0.98,0.95,1.05,0.94,
3,direct,LinearBoosting,F,0.96,0.96,0.90,0.98,1.00,1.04,0.98,1.23,1.08,1.00,
3,direct,LinearBoosting,F-X,0.96,1.02,0.93,1.01,1.09,1.04,0.96,1.08,1.11,1.00,
3,direct,LinearBoosting,F-MARX,1.03,1.10,0.91,1.17,1.07,1.13,0.99,1.10,1.08,0.96,
3,direct,LinearBoosting,F-MAF,1.05,0.95,0.97,0.98,1.01,1.02,0.98,1.04,1.08,1.07,
3,direct,LinearBoosting,F-Level,0.92,1.01,0.95,1.01,1.02,1.07,0.96,1.00,1.08,1.03,
3,direct,LinearBoosting,F-X-MARX,0.96,1.06,0.89,1.08,1.06,1.08,1.00,1.12,1.07,0.95,
3,direct,LinearBoosting,F-X-MAF,0.98,0.91,0.89,0.99,1.02,1.02,0.98,0.95,1.04,0.99,
3,direct,LinearBoosting,F-X-Level,0.96,0.98,0.91,1.01,1.04,1.02,0.98,1.02,1.03,0.98,
3,direct,LinearBoosting,F-X-MARX-Level,0.96,1.00,0.88,1.03,1.04,1.08,0.99,1.04,1.00,0.96,
3,direct,LinearBoosting,X,1.02,1.12,0.94,1.03,1.09,1.02,0.97,1.10,1.09,0.99,
3,direct,LinearBoosting,MARX,1.08,1.20,0.94,1.14,1.13,1.16,0.99,1.08,1.09,0.98,
3,direct,LinearBoosting,MAF,1.11,1.02,0.97,0.99,1.06,1.04,1.00,1.13,1.17,1.04,
3,direct,LinearBoosting,X-MARX,0.99,1.14,0.89,1.05,1.06,1.12,1.00,1.13,1.07,0.96,
3,direct,LinearBoosting,X-MAF,0.99,0.93,0.89,1.00,1.05,1.02,0.98,0.96,1.06,0.99,
3,direct,LinearBoosting,X-Level,0.99,1.01,0.94,1.02,1.04,1.04,0.98,1.04,1.00,0.98,
3,direct,LinearBoosting,X-MARX-Level,0.96,1.01,0.88,1.08,1.03,1.10,1.00,1.06,1.01,0.95,
3,direct,RandomForest,F,0.97,1.00,0.93,0.98,1.00,1.00,0.94,0.96,0.94,0.97,
3,direct,RandomForest,F-X,1.01,1.02,0.93,1.00,1.03,1.03,0.95,0.99,0.96,0.97,
3,direct,RandomForest,F-MARX,0.88,0.87,0.84,0.96,1.01,1.04,0.95,0.98,0.97,0.97,
3,direct,RandomForest,F-MAF,1.02,0.98,0.92,0.98,1.02,1.02,0.94,1.00,0.98,0.97,
3,direct,RandomForest,F-Level,0.96,1.00,0.94,1.04,0.99,1.05,0.95,0.95,1.03,1.05,
3,direct,RandomForest,F-X-MARX,0.88,0.87,0.84,0.97,1.02,1.03,0.95,0.98,0.98,0.98,
3,direct,RandomForest,F-X-MAF,1.00,0.98,0.91,0.99,1.02,1.03,0.95,1.01,0.98,0.98,
3,direct,RandomForest,F-X-Level,0.97,1.01,0.92,1.01,1.01,1.04,0.96,0.94,1.00,1.03,
3,direct,RandomForest,F-X-MARX-Level,0.89,0.88,0.83,0.98,1.01,1.04,0.96,0.96,0.97,1.00,
3,direct,RandomForest,X,1.03,1.05,0.95,0.99,1.02,1.03,0.95,0.98,0.95,0.97,
3,direct,RandomForest,MARX,0.86,0.88,0.84,0.97,1.01,1.04,0.95,0.97,0.97,0.97,
3,direct,RandomForest,MAF,1.04,1.05,0.95,0.99,1.02,1.02,0.95,1.00,0.97,0.98,
3,direct,RandomForest,X-MARX,0.88,0.88,0.84,0.96,1.02,1.04,0.96,0.98,0.98,0.97,
3,direct,RandomForest,X-MAF,1.01,1.01,0.93,0.98,1.02,1.03,0.96,1.00,0.98,0.98,
3,direct,RandomForest,X-Level,0.99,1.04,0.95,1.01,1.01,1.05,0.96,0.95,0.99,1.02,
3,direct,RandomForest,X-MARX-Level,0.89,0.87,0.84,0.97,1.01,1.04,0.96,0.96,0.98,0.99,
3,direct,BoostedTrees,F,0.96,1.10,0.97,0.98,1.05,1.02,0.97,1.01,0.95,1.00,
3,direct,BoostedTrees,F-X,1.01,1.07,0.94,1.00,1.04,1.06,0.96,1.06,0.98,1.00,
3,direct,BoostedTrees,F-MARX,0.90,0.98,0.86,0.97,1.03,1.05,0.95,0.99,0.99,1.00,
3,direct,BoostedTrees,F-MAF,0.98,1.12,0.96,1.01,1.09,1.06,0.95,1.01,0.95,0.98,
3,direct,BoostedTrees,F-Level,0.96,1.05,0.97,1.12,1.01,1.05,1.03,0.99,1.05,1.07,
3,direct,BoostedTrees,F-X-MARX,0.91,0.96,0.86,0.97,1.04,1.05,0.94,1.00,1.00,0.99,
3,direct,BoostedTrees,F-X-MAF,1.01,1.07,0.92,0.99,1.04,1.06,0.93,1.02,1.00,1.00,
3,direct,BoostedTrees,F-X-Level,0.98,1.07,0.92,0.99,1.06,1.11,0.98,0.99,1.05,1.08,
3,direct,BoostedTrees,F-X-MARX-Level,0.90,0.94,0.86,0.99,1.05,1.01,0.92,0.97,1.04,1.01,
3,direct,BoostedTrees,X,1.02,1.08,0.91,1.01,1.04,1.06,0.95,1.05,1.01,1.02,
3,direct,BoostedTrees,MARX,0.92,0.90,0.87,0.98,1.05,1.09,0.96,1.04,0.99,0.97,
3,direct,BoostedTrees,MAF,1.04,1.16,0.97,1.00,1.12,1.07,0.98,1.03,0.98,0.98,
3,direct,BoostedTrees,X-MARX,0.91,0.97,0.86,0.99,1.04,1.04,0.98,1.05,1.02,0.98,
3,direct,BoostedTrees,X-MAF,1.02,1.03,0.92,1.02,1.03,1.08,0.97,1.00,1.02,1.02,
3,direct,BoostedTrees,X-Level,1.02,1.08,0.96,1.04,1.04,1.12,0.95,0.98,1.00,1.08,
3,direct,BoostedTrees,X-MARX-Level,0.91,0.97,0.84,0.99,1.06,1.03,0.94,0.97,1.02,1.03,
6,direct,FM_ABS,-,0.004,0.001,0.077,0.002,0.002,0.004,0.024,0.002,0.002,0.004,
6,direct,AR,-,1.03,1.07,1.09,1.04,0.92,0.98,0.94,0.94,0.96,0.95,**
6,direct,AdaptiveLasso,F,0.94,0.93,0.95,0.96,0.97,1.05,1.03,0.96,0.99,1.00,
6,direct,AdaptiveLasso,F-X,0.96,0.97,0.99,1.01,0.99,0.95,0.91,0.96,1.00,0.99,
6,direct,AdaptiveLasso,F-MARX,1.01,1.04,0.94,1.05,1.00,0.92,1.05,1.02,1.09,1.11,
6,direct,AdaptiveLasso,F-MAF,1.17,1.16,0.94,1.09,1.04,1.09,1.48,1.06,1.12,1.16,
6,direct,AdaptiveLasso,F-Level,1.08,1.10,1.52,1.08,0.95,1.07,1.38,0.92,1.39,1.09,
6,direct,AdaptiveLasso,F-X-MARX,0.98,1.03,0.94,0.97,1.00,0.95,0.90,1.00,1.04,1.02,
6,direct,AdaptiveLasso,F-X-MAF,0.97,0.97,0.92,0.97,0.98,0.98,0.91,0.95,1.01,1.00,
6,direct,AdaptiveLasso,F-X-Level,0.99,0.97,1.02,1.01,1.01,0.96,0.90,0.90,1.26,1.06,
6,direct,AdaptiveLasso,F-X-MARX-Level,1.05,1.00,0.97,0.97,1.00,0.97,0.89,0.95,1.29,1.11,
6,direct,AdaptiveLasso,X,0.97,0.98,0.99,1.01,0.99,0.95,0.91,0.96,1.00,1.00,
6,direct,AdaptiveLasso,MARX,1.03,1.12,1.04,1.06,1.09,0.92,1.08,1.05,1.08,1.06,
6,direct,AdaptiveLasso,MAF,1.29,1.24,1.45,1.12,1.16,1.18,1.44,1.11,1.22,1.18,
6,direct,AdaptiveLasso,X-MARX,0.99,0.98,0.94,0.96,1.00,0.95,0.90,0.99,1.03,1.00,
6,direct,AdaptiveLasso,X-MAF,0.97,0.97,0.93,0.98,0.99,0.98,0.91,0.94,1.02,0.99,
6,direct,AdaptiveLasso,X-Level,0.99,0.97,1.03,1.02,1.00,0.97,0.90,0.90,1.26,1.06,
6,direct,AdaptiveLasso,X-MARX-Level,1.05,1.00,0.97,0.96,1.00,0.97,0.89,0.95,1.33,1.10,
6,direct,ElasticNet,F,0.93,0.95,0.90,0.96,0.98,1.03,0.95,0.97,1.00,1.00,
6,direct,ElasticNet,F-X,0.97,0.98,0.95,1.01,0.99,0.95,0.95,0.96,0.98,0.99,
6,direct,ElasticNet,F-MARX,1.00,0.95,1.06,0.96,0.98,0.93,1.00,0.94,1.01,0.97,
6,direct,ElasticNet,F-MAF,1.10,1.02,1.11,1.03,0.99,1.09,1.04,0.98,1.05,1.15,
6,direct,ElasticNet,F-Level,1.12,1.17,1.50,1.02,0.99,1.10,1.17,0.88,1.37,1.04,
6,direct,ElasticNet,F-X-MARX,0.98,0.98,0.98,0.96,0.99,0.94,0.96,0.99,1.02,1.01,
6,direct,ElasticNet,F-X-MAF,0.95,0.99,0.93,0.98,0.98,0.98,1.01,0.94,0.99,1.01,
6,direct,ElasticNet,F-X-Level,0.97,0.96,1.00,1.01,1.01,1.00,1.01,0.90,1.29,1.03,
6,direct,ElasticNet,F-X-MARX-Level,1.05,0.98,1.01,0.97,1.00,0.97,0.99,0.93,1.22,1.10,
6,direct,ElasticNet,X,0.97,0.98,0.95,1.01,0.99,0.96,0.95,0.95,0.99,0.99,
6,direct,ElasticNet,MARX,1.02,1.25,1.08,0.98,1.00,0.96,1.04,0.95,1.13,1.01,
6,direct,ElasticNet,MAF,1.14,1.03,1.27,1.04,1.04,1.08,1.18,0.98,1.11,1.17,
6,direct,ElasticNet,X-MARX,0.98,0.96,0.98,0.97,0.99,0.95,0.96,0.97,1.02,0.99,
6,direct,ElasticNet,X-MAF,0.95,0.99,0.93,0.99,0.99,0.97,1.01,0.94,0.99,1.00,
6,direct,ElasticNet,X-Level,0.97,0.96,1.01,1.02,1.00,0.96,1.01,0.90,1.29,1.03,
6,direct,ElasticNet,X-MARX-Level,1.05,0.98,1.00,0.97,1.01,0.98,0.99,0.93,1.22,1.10,
6,direct,LinearBoosting,F,0.92,0.97,0.91,0.97,0.97,1.04,0.96,1.20,1.12,1.02,
6,direct,LinearBoosting,F-X,0.98,1.02,0.95,1.02,1.05,1.01,0.95,1.07,1.05,0.99,
6,direct,LinearBoosting,F-MARX,1.06,1.13,1.04,1.05,1.10,1.01,1.00,1.12,1.06,1.01,
6,direct,LinearBoosting,F-MAF,1.17,1.21,1.06,1.05,0.99,1.09,1.03,1.06,1.16,1.15,
6,direct,LinearBoosting,F-Level,1.02,1.10,1.09,0.99,0.96,1.01,1.00,0.97,1.41,1.09,
6,direct,LinearBoosting,F-X-MARX,1.05,1.13,0.97,1.03,1.07,1.03,0.96,1.16,1.07,0.98,
6,direct,LinearBoosting,F-X-MAF,0.96,0.96,0.90,0.95,0.98,0.96,0.99,0.95,1.06,1.00,
6,direct,LinearBoosting,F-X-Level,0.92,0.97,0.93,0.99,0.98,0.96,0.97,1.00,1.05,0.95,
6,direct,LinearBoosting,F-X-MARX-Level,0.99,1.02,0.98,0.97,1.00,0.98,0.96,1.04,1.06,0.97,
6,direct,LinearBoosting,X,0.99,1.11,1.00,1.01,1.09,1.01,0.93,1.07,1.06,0.97,
6,direct,LinearBoosting,MARX,1.10,1.19,1.05,1.07,1.16,1.05,1.01,1.13,1.08,1.00,
6,direct,LinearBoosting,MAF,1.24,1.32,1.13,1.13,1.13,1.13,1.08,1.11,1.27,1.20,
6,direct,LinearBoosting,X-MARX,1.04,1.18,0.98,1.04,1.09,1.03,0.96,1.14,1.07,0.96,
6,direct,LinearBoosting,X-MAF,0.96,0.98,0.90,0.96,0.99,0.97,0.98,0.94,1.06,1.02,
6,direct,LinearBoosting,X-Level,0.95,0.99,0.96,0.99,0.98,0.97,0.95,0.99,1.05,0.96,
6,direct,LinearBoosting,X-MARX-Level,0.99,1.01,0.97,0.97,1.00,0.99,0.99,1.05,1.05,0.99,
6,direct,RandomForest,F,0.95,1.03,0.95,0.97,0.93,0.98,0.89,0.92,0.83,0.89,
6,direct,RandomForest,F-X,1.05,1.12,0.99,1.00,0.96,1.00,0.88,1.00,0.87,0.92,
6,direct,RandomForest,F-MARX,1.03,0.92,0.92,0.95,0.96,1.05,0.89,1.01,0.89,0.93,
6,direct,RandomForest,F-MAF,1.02,1.05,0.95,0.96,0.94,0.96,0.89,0.99,0.88,0.92,
6,direct,RandomForest,F-Level,1.07,1.14,1.07,1.08,0.92,1.02,0.91,0.84,0.92,1.00,
6,direct,RandomForest,F-X-MARX,1.02,0.93,0.92,0.95,0.96,1.04,0.89,1.03,0.89,0.93,
6,direct,RandomForest,F-X-MAF,1.01,1.07,0.98,0.96,0.96,0.99,0.89,1.02,0.90,0.93,
6,direct,RandomForest,F-X-Level,1.04,1.12,1.04,1.03,0.91,1.01,0.89,0.89,0.91,0.99,
6,direct,RandomForest,F-X-MARX-Level,1.01,0.93,0.93,0.96,0.94,1.02,0.88,0.91,0.91,0.96,
6,direct,RandomForest,X,1.05,1.15,1.02,0.99,0.96,1.00,0.88,1.01,0.87,0.92,
6,direct,RandomForest,MARX,1.02,0.92,0.92,0.95,0.95,1.05,0.88,1.02,0.89,0.93,
6,direct,RandomForest,MAF,1.02,1.09,0.99,0.96,0.95,0.96,0.89,1.00,0.88,0.91,
6,direct,RandomForest,X-MARX,1.03,0.93,0.93,0.95,0.97,1.05,0.88,1.02,0.90,0.92,
6,direct,RandomForest,X-MAF,1.02,1.09,0.99,0.96,0.96,0.99,0.89,1.02,0.89,0.93,
6,direct,RandomForest,X-Level,1.04,1.16,1.05,1.02,0.91,1.01,0.89,0.89,0.91,0.99,
6,direct,RandomForest,X-MARX-Level,1.02,0.93,0.94,0.96,0.93,1.02,0.88,0.91,0.91,0.96,
6,direct,BoostedTrees,F,0.97,1.06,1.01,0.99,1.00,1.01,0.96,0.96,0.86,0.97,
6,direct,BoostedTrees,F-X,1.06,1.08,0.99,0.99,0.98,0.95,0.89,1.03,0.93,0.94,
6,direct,BoostedTrees,F-MARX,1.02,1.05,0.99,0.99,0.95,0.98,0.88,0.99,0.91,0.90,
6,direct,BoostedTrees,F-MAF,0.97,1.18,0.97,0.96,1.03,0.94,0.93,1.03,0.86,0.95,
6,direct,BoostedTrees,F-Level,1.09,1.26,1.14,1.10,0.94,0.97,0.92,0.86,0.97,1.01,
6,direct,BoostedTrees,F-X-MARX,1.02,1.02,0.94,0.99,0.99,1.00,0.94,1.03,0.92,0.93,
6,direct,BoostedTrees,F-X-MAF,1.05,1.11,1.02,0.99,0.95,1.00,0.87,1.00,0.94,0.94,
6,direct,BoostedTrees,F-X-Level,1.12,1.17,1.07,1.01,0.92,1.17,0.91,0.93,1.00,1.05,
6,direct,BoostedTrees,F-X-MARX-Level,1.02,1.03,0.93,0.98,0.96,0.96,0.91,0.91,0.96,0.98,
6,direct,BoostedTrees,X,1.07,1.11,1.04,1.00,0.98,0.98,0.88,1.05,0.90,0.96,
6,direct,BoostedTrees,MARX,1.00,1.07,0.98,1.00,1.00,1.06,0.93,1.06,0.90,0.91,
6,direct,BoostedTrees,MAF,1.08,1.20,0.99,0.99,1.06,0.97,0.89,1.00,0.87,0.95,
6,direct,BoostedTrees,X-MARX,1.05,1.06,0.93,0.99,0.98,0.99,0.90,1.07,0.85,0.91,
6,direct,BoostedTrees,X-MAF,1.06,1.13,1.02,1.04,0.94,1.00,0.88,1.01,0.96,0.95,
6,direct,BoostedTrees,X-Level,1.05,1.16,1.12,1.02,0.92,1.17,0.88,0.89,0.94,1.08,
6,direct,BoostedTrees,X-MARX-Level,1.01,1.04,0.95,1.02,0.95,1.06,0.91,0.91,0.96,0.99,
9,direct,FM_ABS,-,0.004,0.001,0.076,0.002,0.002,0.004,0.021,0.002,0.002,0.003,
9,direct,AR,-,1.01,1.07,1.11,1.02,0.90,0.96,0.92,0.92,1.02,0.94,****
9,direct,AdaptiveLasso,F,0.95,0.95,0.96,0.97,0.96,1.03,1.04,0.96,1.00,0.99,
9,direct,AdaptiveLasso,F-X,0.97,1.00,1.04,1.02,1.01,0.92,1.01,0.95,1.02,1.02,
9,direct,AdaptiveLasso,F-MARX,1.07,1.14,1.00,1.10,1.07,0.97,1.23,1.03,1.05,1.07,
9,direct,AdaptiveLasso,F-MAF,1.28,1.27,1.13,1.15,1.21,1.16,1.44,1.01,1.31,1.19,
9,direct,AdaptiveLasso,F-Level,1.10,1.33,1.63,1.13,1.07,1.11,1.44,0.93,1.48,1.06,
9,direct,AdaptiveLasso,F-X-MARX,1.02,1.06,1.00,0.99,1.03,0.91,0.89,1.00,1.02,1.01,
9,direct,AdaptiveLasso,F-X-MAF,1.00,1.04,0.99,0.99,1.00,0.93,1.03,0.94,1.06,1.02,
9,direct,AdaptiveLasso,F-X-Level,1.04,1.15,1.14,1.09,1.02,1.00,1.04,0.91,1.44,1.06,
9,direct,AdaptiveLasso,F-X-MARX-Level,1.18,1.14,1.10,1.01,1.02,1.01,0.87,0.97,1.39,1.15,
9,direct,AdaptiveLasso,X,0.96,1.01,1.05,1.03,1.01,0.91,1.01,0.96,1.02,1.01,
9,direct,AdaptiveLasso,MARX,1.10,1.14,1.04,1.07,1.19,0.98,1.34,1.08,1.07,1.10,
9,direct,AdaptiveLasso,MAF,1.34,1.38,1.82,1.16,1.22,1.18,1.40,1.05,1.28,1.20,
9,direct,AdaptiveLasso,X-MARX,1.01,1.02,0.99,0.99,1.03,0.91,0.89,0.97,1.05,0.99,
9,direct,AdaptiveLasso,X-MAF,0.99,1.05,0.98,0.98,1.00,0.93,1.03,0.94,1.05,1.02,
9,direct,AdaptiveLasso,X-Level,1.05,1.12,1.16,1.09,1.02,0.99,1.02,0.91,1.44,1.07,
9,direct,AdaptiveLasso,X-MARX-Level,1.16,1.15,1.10,1.01,1.02,1.02,0.87,0.97,1.40,1.14,
9,direct,ElasticNet,F,0.94,0.98,0.93,0.96,0.97,1.02,0.96,0.97,0.98,0.99,
9,direct,ElasticNet,F-X,0.97,1.01,0.99,1.02,1.01,0.91,1.01,0.94,0.99,1.01,
9,direct,ElasticNet,F-MARX,1.05,1.03,1.14,0.99,0.96,0.93,1.06,0.99,1.08,0.99,
9,direct,ElasticNet,F-MAF,1.17,1.06,1.32,1.07,1.02,1.13,1.18,0.94,1.10,1.16,
9,direct,ElasticNet,F-Level,1.16,1.33,1.58,1.05,1.03,1.02,1.29,0.90,1.42,1.05,
9,direct,ElasticNet,F-X-MARX,1.02,1.04,1.04,0.97,1.01,0.91,1.00,0.95,0.99,1.00,
9,direct,ElasticNet,F-X-MAF,1.00,1.03,0.98,0.99,1.00,0.93,1.05,0.94,1.02,1.03,
9,direct,ElasticNet,F-X-Level,1.06,1.06,1.06,1.09,1.04,0.99,1.02,0.91,1.38,1.07,
9,direct,ElasticNet,F-X-MARX-Level,1.11,1.07,1.18,1.01,1.02,1.00,1.05,0.88,1.37,1.11,
9,direct,ElasticNet,X,0.98,1.02,1.00,1.02,1.01,0.91,1.01,0.94,0.99,1.01,
9,direct,ElasticNet,MARX,1.05,1.26,1.16,1.01,1.04,0.97,1.08,1.09,1.32,1.02,
9,direct,ElasticNet,MAF,1.22,1.06,1.74,1.07,1.04,1.12,1.23,0.93,1.19,1.19,
9,direct,ElasticNet,X-MARX,1.01,1.01,1.04,0.97,1.00,0.91,1.00,0.95,1.01,0.98,
9,direct,ElasticNet,X-MAF,1.00,1.03,0.98,0.99,1.01,0.93,1.05,0.94,1.03,1.03,
9,direct,ElasticNet,X-Level,1.05,1.06,1.05,1.10,1.03,0.98,1.02,0.92,1.37,1.12,
9,direct,ElasticNet,X-MARX-Level,1.11,1.07,1.18,1.01,1.02,1.00,1.05,0.87,1.36,1.11,
9,direct,LinearBoosting,F,0.95,0.96,0.95,0.96,0.97,1.00,0.96,1.20,1.33,1.05,
9,direct,LinearBoosting,F-X,1.01,1.07,1.00,1.01,1.05,1.03,0.92,1.08,1.12,0.99,
9,direct,LinearBoosting,F-MARX,1.05,1.13,1.07,1.03,1.08,1.04,1.04,1.13,1.23,1.03,
9,direct,LinearBoosting,F-MAF,1.22,1.33,1.30,1.14,1.20,1.11,1.19,1.03,1.28,1.22,
9,direct,LinearBoosting,F-Level,1.12,1.26,1.20,1.05,1.06,0.99,1.08,0.99,1.48,1.06,
9,direct,LinearBoosting,F-X-MARX,1.05,1.14,1.03,0.99,1.06,1.03,0.96,1.16,1.20,1.01,
9,direct,LinearBoosting,F-X-MAF,1.00,0.98,0.97,0.98,0.98,0.93,0.98,0.97,1.12,1.04,
9,direct,LinearBoosting,F-X-Level,0.97,1.00,1.00,1.00,0.95,1.00,1.02,1.02,1.14,0.97,
9,direct,LinearBoosting,F-X-MARX-Level,1.01,1.01,1.04,0.94,0.99,0.93,0.99,1.07,1.08,0.97,
9,direct,LinearBoosting,X,1.01,1.13,1.02,1.00,1.05,1.01,0.92,1.05,1.14,0.99,
9,direct,LinearBoosting,MARX,1.11,1.17,1.08,1.02,1.14,1.10,1.02,1.10,1.19,1.03,
9,direct,LinearBoosting,MAF,1.35,1.46,1.35,1.20,1.31,1.21,1.23,1.07,1.29,1.18,
9,direct,LinearBoosting,X-MARX,1.05,1.18,1.05,0.99,1.07,1.05,0.97,1.13,1.20,1.00,
9,direct,LinearBoosting,X-MAF,1.00,0.99,0.96,0.97,0.99,0.93,0.98,0.95,1.08,1.05,
9,direct,LinearBoosting,X-Level,0.96,0.98,1.02,0.99,0.94,0.97,0.95,1.01,1.18,0.99,
9,direct,LinearBoosting,X-MARX-Level,1.00,1.01,1.03,0.96,0.96,0.94,0.96,1.09,1.12,1.00,
9,direct,RandomForest,F,0.95,1.05,0.96,0.97,0.94,0.95,0.84,0.87,0.84,0.85,
9,direct,RandomForest,F-X,1.03,1.11,1.00,1.02,0.95,0.93,0.86,1.00,0.92,0.91,
9,direct,RandomForest,F-MARX,1.03,1.01,0.99,0.96,0.99,0.96,0.88,1.04,0.93,0.90,
9,direct,RandomForest,F-MAF,0.95,1.08,0.94,0.97,0.96,0.92,0.88,1.00,0.92,0.90,
9,direct,RandomForest,F-Level,1.13,1.24,1.26,1.19,0.93,1.04,0.91,0.77,0.91,0.92,
9,direct,RandomForest,F-X-MARX,1.03,1.02,1.00,0.96,0.99,0.95,0.87,1.05,0.92,0.90,
9,direct,RandomForest,F-X-MAF,0.99,1.08,0.97,0.97,0.97,0.93,0.88,1.02,0.93,0.93,
9,direct,RandomForest,F-X-Level,1.04,1.14,1.08,1.10,0.89,1.00,0.87,0.84,0.94,0.96,
9,direct,RandomForest,F-X-MARX-Level,1.00,1.03,1.03,0.98,0.93,1.00,0.87,0.87,0.95,0.95,
9,direct,RandomForest,X,1.03,1.12,1.02,1.03,0.95,0.92,0.86,0.99,0.91,0.92,
9,direct,RandomForest,MARX,1.03,1.02,1.00,0.95,0.99,0.96,0.86,1.04,0.93,0.90,
9,direct,RandomForest,MAF,0.96,1.09,0.95,0.98,0.96,0.93,0.89,1.00,0.92,0.90,
9,direct,RandomForest,X-MARX,1.03,1.02,1.00,0.96,0.99,0.94,0.87,1.05,0.92,0.90,
9,direct,RandomForest,X-MAF,0.99,1.09,0.98,0.97,0.97,0.93,0.89,1.02,0.93,0.93,
9,direct,RandomForest,X-Level,1.04,1.15,1.10,1.09,0.89,1.00,0.87,0.83,0.94,0.96,
9,direct,RandomForest,X-MARX-Level,0.99,1.02,1.04,0.98,0.93,1.00,0.86,0.88,0.95,0.95,
9,direct,BoostedTrees,F,0.97,1.11,0.98,0.99,0.98,0.99,0.87,0.91,0.90,0.91,
9,direct,BoostedTrees,F-X,1.04,1.13,1.02,1.00,1.00,0.93,0.88,1.01,0.93,0.91,
9,direct,BoostedTrees,F-MARX,1.05,1.14,1.04,0.99,0.99,0.93,0.89,0.95,0.94,0.86,
9,direct,BoostedTrees,F-MAF,1.00,1.14,0.99,1.01,1.05,0.97,0.82,0.99,0.89,0.94,
9,direct,BoostedTrees,F-Level,1.06,1.39,1.29,1.19,1.00,1.00,0.96,0.79,1.00,0.92,
9,direct,BoostedTrees,F-X-MARX,1.03,1.09,1.06,0.98,1.00,0.94,0.91,1.02,0.95,0.87,
9,direct,BoostedTrees,F-X-MAF,1.00,1.09,1.00,0.99,0.98,0.94,0.94,1.00,0.95,0.92,
9,direct,BoostedTrees,F-X-Level,1.18,1.25,1.17,1.03,0.89,0.95,0.92,0.84,0.97,0.99,
9,direct,BoostedTrees,F-X-MARX-Level,1.02,1.16,1.06,0.98,0.97,0.88,0.90,0.89,1.05,0.93,
9,direct,BoostedTrees,X,1.06,1.13,1.04,1.01,0.99,0.93,0.87,1.03,0.95,0.91,
9,direct,BoostedTrees,MARX,1.02,1.17,1.01,0.99,1.01,0.97,0.91,1.01,0.94,0.86,
9,direct,BoostedTrees,MAF,1.06,1.15,0.95,1.02,1.05,0.94,0.87,0.97,0.89,0.91,
9,direct,BoostedTrees,X-MARX,1.00,1.10,1.03,0.96,1.00,0.93,0.90,1.07,0.90,0.86,
9,direct,BoostedTrees,X-MAF,1.05,1.21,1.03,1.04,1.00,0.94,0.92,1.03,0.97,0.91,
9,direct,BoostedTrees,X-Level,1.01,1.16,1.15,1.07,0.92,1.07,0.85,0.87,0.94,1.02,
9,direct,BoostedTrees,X-MARX-Level,1.00,1.13,1.07,1.01,0.96,0.89,0.87,0.91,1.02,0.98,
12,direct,FM_ABS,-,0.003,0.001,0.077,0.002,0.002,0.003,0.019,0.002,0.001,0.003,
12,direct,AR,-,1.01,1.06,1.10,1.02,0.95,0.95,0.92,0.92,1.06,0.97,****
12,direct,AdaptiveLasso,F,0.96,0.96,0.95,0.97,0.96,1.02,0.97,0.99,1.01,1.05,
12,direct,AdaptiveLasso,F-X,0.99,1.01,1.03,1.05,1.05,0.92,1.00,0.96,1.05,1.06,
12,direct,AdaptiveLasso,F-MARX,1.20,1.07,1.02,1.05,1.14,1.14,1.15,1.01,1.12,1.13,
12,direct,AdaptiveLasso,F-MAF,1.32,1.19,1.41,1.21,1.22,1.16,1.40,0.99,1.19,1.21,
12,direct,AdaptiveLasso,F-Level,1.14,1.20,1.41,1.20,1.16,1.08,1.24,0.97,1.35,1.18,
12,direct,AdaptiveLasso,F-X-MARX,1.05,1.04,0.97,1.02,1.08,1.02,0.93,0.94,1.08,1.04,
12,direct,AdaptiveLasso,F-X-MAF,1.05,1.05,0.97,1.03,1.06,0.96,1.02,0.92,1.08,1.04,
12,direct,AdaptiveLasso,F-X-Level,1.24,1.12,1.09,1.13,1.09,0.94,1.04,0.92,1.34,1.16,
12,direct,AdaptiveLasso,F-X-MARX-Level,1.18,1.17,1.04,1.09,1.05,0.91,0.89,0.94,1.42,1.08,
12,direct,AdaptiveLasso,X,0.99,1.01,1.04,1.05,1.05,0.92,0.99,0.96,1.08,1.06,
12,direct,AdaptiveLasso,MARX,1.24,1.17,1.24,1.10,1.18,1.16,1.25,1.00,1.15,1.16,
12,direct,AdaptiveLasso,MAF,1.33,1.27,1.77,1.21,1.22,1.21,1.40,1.00,1.18,1.24,
12,direct,AdaptiveLasso,X-MARX,1.02,1.01,0.97,1.03,1.05,0.95,0.96,0.92,1.08,1.03,
12,direct,AdaptiveLasso,X-MAF,1.04,1.05,0.97,1.05,1.05,0.96,0.99,0.94,1.09,1.07,
12,direct,AdaptiveLasso,X-Level,1.22,1.11,1.09,1.12,1.09,0.94,1.04,0.92,1.41,1.18,
12,direct,AdaptiveLasso,X-MARX-Level,1.18,1.23,1.02,1.10,1.07,0.92,0.89,0.94,1.44,1.13,
12,direct,ElasticNet,F,0.95,0.99,0.92,0.98,0.97,1.02,0.97,0.99,0.98,1.02,
12,direct,ElasticNet,F-X,0.99,1.02,1.00,1.05,1.04,0.93,0.99,0.95,1.03,1.06,
12,direct,ElasticNet,F-MARX,1.11,1.03,1.15,1.01,1.00,1.09,0.98,0.94,1.11,1.01,
12,direct,ElasticNet,F-MAF,1.23,1.03,1.52,1.11,1.00,1.12,1.18,0.94,1.15,1.22,
12,direct,ElasticNet,F-Level,1.16,1.28,1.41,1.22,1.14,1.11,1.23,0.92,1.38,1.20,
12,direct,ElasticNet,F-X-MARX,1.07,1.04,1.06,1.01,1.03,1.04,0.93,0.92,1.02,1.04,
12,direct,ElasticNet,F-X-MAF,1.04,1.06,1.03,1.06,1.04,0.97,1.01,0.92,1.05,1.06,
12,direct,ElasticNet,F-X-Level,1.17,1.11,1.10,1.11,1.07,0.94,1.06,0.93,1.16,1.13,
12,direct,ElasticNet,F-X-MARX-Level,1.14,1.06,1.17,1.06,1.03,0.91,1.00,0.91,1.17,1.14,
12,direct,ElasticNet,X,0.99,1.02,1.01,1.05,1.04,0.93,0.99,0.95,1.04,1.06,
12,direct,ElasticNet,MARX,1.19,1.35,1.20,1.14,1.16,1.10,1.05,1.18,1.26,1.15,
12,direct,ElasticNet,MAF,1.24,1.26,1.72,1.22,1.02,1.11,1.22,1.02,1.17,1.22,
12,direct,ElasticNet,X-MARX,1.03,1.03,1.06,1.01,1.03,1.03,0.93,0.91,1.03,1.03,
12,direct,ElasticNet,X-MAF,1.04,1.06,1.04,1.06,1.04,0.97,1.01,0.92,1.05,1.07,
12,direct,ElasticNet,X-Level,1.17,1.12,1.08,1.11,1.06,0.94,1.05,0.92,1.17,1.13,
12,direct,ElasticNet,X-MARX-Level,1.14,1.06,1.19,1.06,1.03,0.90,1.00,0.91,1.17,1.14,
12,direct,LinearBoosting,F,0.95,0.98,0.93,0.97,0.96,1.02,0.97,1.21,1.45,1.14,
12,direct,LinearBoosting,F-X,1.06,1.06,1.00,1.05,1.05,1.03,0.91,1.07,1.17,1.08,
12,direct,LinearBoosting,F-MARX,1.10,1.08,1.07,1.01,1.12,1.13,0.94,1.17,1.29,1.08,
12,direct,LinearBoosting,F-MAF,1.27,1.28,1.28,1.18,1.23,1.19,1.17,1.04,1.23,1.23,
12,direct,LinearBoosting,F-Level,1.20,1.17,1.18,1.28,1.17,0.98,1.09,0.96,1.28,1.28,
12,direct,LinearBoosting,F-X-MARX,1.08,1.10,0.99,1.00,1.06,1.04,0.93,1.12,1.31,1.07,
12,direct,LinearBoosting,F-X-MAF,1.04,0.99,1.01,1.06,1.03,0.94,0.97,0.96,1.20,1.10,
12,direct,LinearBoosting,F-X-Level,0.96,0.94,1.03,1.01,0.94,0.97,0.97,1.04,1.28,1.10,
12,direct,LinearBoosting,F-X-MARX-Level,1.02,0.98,0.99,0.96,1.01,0.91,0.91,1.08,1.17,1.04,
12,direct,LinearBoosting,X,1.04,1.08,1.02,1.03,1.08,1.02,0.90,1.06,1.22,1.05,
12,direct,LinearBoosting,MARX,1.15,1.12,1.09,1.00,1.14,1.12,1.00,1.10,1.28,1.08,
12,direct,LinearBoosting,MAF,1.28,1.36,1.36,1.24,1.32,1.25,1.22,1.06,1.32,1.20,
12,direct,LinearBoosting,X-MARX,1.06,1.12,1.00,1.00,1.06,1.05,0.91,1.11,1.31,1.06,
12,direct,LinearBoosting,X-MAF,1.06,0.99,1.01,1.04,1.03,0.99,0.98,0.94,1.22,1.12,
12,direct,LinearBoosting,X-Level,0.96,0.94,1.03,1.01,0.95,0.92,0.93,1.06,1.29,1.08,
12,direct,LinearBoosting,X-MARX-Level,1.03,0.96,1.01,0.97,1.00,0.93,0.91,1.07,1.13,1.03,
12,direct,RandomForest,F,0.96,1.02,0.92,0.97,0.92,0.94,0.84,0.89,0.85,0.86,
12,direct,RandomForest,F-X,0.98,1.05,0.97,1.01,0.94,0.89,0.87,1.01,1.00,0.98,
12,direct,RandomForest,F-MARX,0.98,1.01,0.97,0.97,0.99,0.93,0.93,1.05,1.03,1.00,
12,direct,RandomForest,F-MAF,0.92,1.01,0.90,0.98,0.97,0.89,0.90,1.03,0.99,0.97,
12,direct,RandomForest,F-Level,1.14,1.30,1.39,1.26,0.92,1.09,0.91,0.74,0.98,0.91,
12,direct,RandomForest,F-X-MARX,0.98,1.02,0.96,0.97,1.01,0.91,0.94,1.08,0.98,0.99,
12,direct,RandomForest,F-X-MAF,0.96,1.03,0.93,0.98,0.96,0.89,0.90,1.04,0.99,0.97,
12,direct,RandomForest,F-X-Level,1.00,1.08,1.11,1.13,0.88,1.04,0.87,0.84,1.05,0.98,
12,direct,RandomForest,F-X-MARX-Level,0.95,1.06,1.01,1.02,0.91,1.03,0.90,0.89,1.09,1.02,
12,direct,RandomForest,X,0.99,1.05,0.98,1.01,0.94,0.89,0.87,1.01,0.99,0.97,
12,direct,RandomForest,MARX,0.98,1.02,0.96,0.97,1.00,0.93,0.93,1.06,1.02,1.00,
12,direct,RandomForest,MAF,0.92,1.01,0.90,0.98,0.97,0.89,0.90,1.02,0.99,0.97,
12,direct,RandomForest,X-MARX,0.98,1.02,0.96,0.97,1.00,0.92,0.93,1.08,0.98,0.99,
12,direct,RandomForest,X-MAF,0.96,1.03,0.94,0.97,0.96,0.88,0.91,1.04,0.99,0.97,
12,direct,RandomForest,X-Level,1.00,1.08,1.12,1.14,0.88,1.03,0.87,0.83,1.04,0.99,
12,direct,RandomForest,X-MARX-Level,0.95,1.07,1.01,1.02,0.91,1.04,0.90,0.89,1.08,1.02,
12,direct,BoostedTrees,F,0.97,1.06,0.98,1.01,0.95,0.94,0.87,0.93,0.92,0.91,
12,direct,BoostedTrees,F-X,0.99,1.11,0.96,1.02,1.06,0.90,0.91,1.03,0.98,0.93,
12,direct,BoostedTrees,F-MARX,1.00,1.05,1.02,1.01,1.01,0.93,0.94,1.04,0.97,0.95,
12,direct,BoostedTrees,F-MAF,0.98,1.04,0.89,1.03,1.03,0.94,0.89,1.04,0.90,0.98,
12,direct,BoostedTrees,F-Level,1.09,1.32,1.30,1.21,0.98,1.08,1.06,0.74,1.05,0.93,
12,direct,BoostedTrees,F-X-MARX,0.98,1.11,1.02,1.01,1.03,0.95,0.93,1.04,0.99,0.90,
12,direct,BoostedTrees,F-X-MAF,0.93,1.03,0.95,1.03,1.02,0.92,0.94,1.03,0.99,0.95,
12,direct,BoostedTrees,F-X-Level,1.16,1.17,1.16,1.11,0.85,0.88,1.00,0.83,1.04,0.95,
12,direct,BoostedTrees,F-X-MARX-Level,1.03,1.14,1.06,1.05,0.99,0.97,0.91,0.93,1.09,1.00,
12,direct,BoostedTrees,X,1.01,1.06,1.00,1.03,1.02,0.94,0.88,1.05,1.03,0.93,
12,direct,BoostedTrees,MARX,1.00,1.09,0.98,0.99,1.08,0.95,0.92,1.06,0.95,0.89,
12,direct,BoostedTrees,MAF,0.98,1.11,0.91,1.01,1.08,0.93,0.91,1.07,0.88,0.97,
12,direct,BoostedTrees,X-MARX,0.98,1.11,0.97,0.98,1.02,0.90,0.91,1.10,1.01,0.93,
12,direct,BoostedTrees,X-MAF,1.01,1.07,0.97,1.03,1.00,0.95,0.94,1.04,1.02,0.93,
12,direct,BoostedTrees,X-Level,1.03,1.20,1.19,1.12,0.91,0.95,0.90,0.85,1.02,0.99,
12,direct,BoostedTrees,X-MARX-Level,0.97,1.08,1.03,1.07,0.95,0.90,0.90,0.92,1.13,0.99,
24,direct,FM_ABS,-,0.003,0.001,0.068,0.002,0.002,0.003,0.014,0.002,0.002,0.003,
24,direct,AR,-,0.98,1.03,1.08,0.98,0.85,0.93,0.92,0.90,0.95,0.87,*********
24,direct,AdaptiveLasso,F,0.93,0.95,0.93,0.98,0.91,1.00,0.94,0.99,1.21,1.06,
24,direct,AdaptiveLasso,F-X,1.08,0.98,0.95,1.11,1.11,0.89,0.95,1.08,1.07,0.88,
24,direct,AdaptiveLasso,F-MARX,1.22,1.13,1.17,1.12,1.08,1.06,1.17,1.00,1.05,1.01,
24,direct,AdaptiveLasso,F-MAF,1.33,1.19,1.03,1.31,1.23,0.98,1.30,1.03,1.20,0.98,
24,direct,AdaptiveLasso,F-Level,1.21,1.18,1.42,1.36,1.19,1.13,1.28,1.19,1.48,1.41,
24,direct,AdaptiveLasso,F-X-MARX,1.10,1.03,0.93,1.19,1.12,0.97,0.95,1.03,1.02,0.99,
24,direct,AdaptiveLasso,F-X-MAF,1.12,1.00,0.95,1.19,1.09,0.96,0.94,1.05,1.10,0.88,
24,direct,AdaptiveLasso,F-X-Level,1.12,1.17,1.05,1.30,1.23,0.93,1.07,1.01,1.28,1.20,
24,direct,AdaptiveLasso,F-X-MARX-Level,1.11,1.15,1.02,1.30,1.17,1.01,1.18,1.02,1.06,1.14,
24,direct,AdaptiveLasso,X,1.08,0.99,0.95,1.12,1.12,0.89,0.95,1.07,1.09,0.87,
24,direct,AdaptiveLasso,MARX,1.31,1.13,1.26,1.20,1.15,1.02,1.28,1.00,1.00,1.11,
24,direct,AdaptiveLasso,MAF,1.32,1.19,1.58,1.32,1.25,0.99,1.30,1.04,1.08,0.99,
24,direct,AdaptiveLasso,X-MARX,1.09,1.04,0.94,1.18,1.10,0.97,1.07,1.01,1.00,0.94,
24,direct,AdaptiveLasso,X-MAF,1.12,1.01,0.95,1.17,1.11,0.96,0.95,1.06,1.03,0.88,
24,direct,AdaptiveLasso,X-Level,1.12,1.16,1.05,1.31,1.22,0.93,1.06,1.02,1.30,1.21,
24,direct,AdaptiveLasso,X-MARX-Level,1.10,1.15,1.02,1.31,1.17,1.01,1.18,1.02,1.06,1.14,
24,direct,ElasticNet,F,0.94,0.98,0.92,0.97,0.90,0.99,0.93,0.98,1.44,1.02,
24,direct,ElasticNet,F-X,1.07,1.00,0.98,1.10,1.07,0.89,0.94,1.08,1.07,0.86,
24,direct,ElasticNet,F-MARX,1.00,1.02,1.19,1.08,0.97,0.98,0.99,1.05,0.95,0.99,
24,direct,ElasticNet,F-MAF,1.15,1.11,1.22,1.16,1.05,0.98,1.07,1.02,1.34,0.96,
24,direct,ElasticNet,F-Level,1.18,1.23,1.42,1.39,1.32,1.14,1.22,1.15,1.81,1.43,
24,direct,ElasticNet,F-X-MARX,1.03,0.95,1.04,1.06,1.06,0.93,0.93,1.09,0.97,0.86,
24,direct,ElasticNet,F-X-MAF,1.11,0.98,1.01,1.09,1.05,0.94,0.94,1.06,1.08,0.87,
24,direct,ElasticNet,F-X-Level,1.02,1.00,1.13,1.25,1.11,0.83,1.07,1.05,1.39,1.28,
24,direct,ElasticNet,F-X-MARX-Level,1.01,0.97,0.98,1.15,1.08,0.87,1.02,1.12,1.23,1.25,
24,direct,ElasticNet,X,1.07,0.99,0.98,1.10,1.07,0.89,0.94,1.08,1.07,0.87,
24,direct,ElasticNet,MARX,1.33,1.27,1.21,1.29,1.20,1.03,1.02,1.07,1.42,1.18,
24,direct,ElasticNet,MAF,1.27,1.24,1.44,1.21,1.25,1.01,1.08,1.05,1.30,1.00,
24,direct,ElasticNet,X-MARX,1.05,0.96,1.04,1.06,1.05,0.93,0.95,1.07,0.98,0.83,
24,direct,ElasticNet,X-MAF,1.11,0.98,1.02,1.09,1.05,0.94,0.95,1.06,1.08,0.87,
24,direct,ElasticNet,X-Level,1.03,1.00,1.12,1.25,1.11,0.85,1.07,1.05,1.42,1.28,
24,direct,ElasticNet,X-MARX-Level,1.02,0.97,0.98,1.15,1.08,0.88,1.02,1.12,1.24,1.25,
24,direct,LinearBoosting,F,0.93,0.94,0.95,0.97,0.90,1.02,0.92,1.11,1.32,1.11,
24,direct,LinearBoosting,F-X,1.00,1.04,0.94,1.00,0.93,1.00,0.84,1.09,1.10,1.03,
24,direct,LinearBoosting,F-MARX,1.11,1.07,0.97,1.03,0.96,1.13,0.90,1.11,1.40,1.08,
24,direct,LinearBoosting,F-MAF,1.30,1.21,1.17,1.31,1.27,1.03,0.99,1.11,1.16,1.04,
24,direct,LinearBoosting,F-Level,1.27,1.14,1.18,1.60,1.30,1.08,1.21,1.06,1.55,1.38,
24,direct,LinearBoosting,F-X-MARX,1.03,1.02,0.93,0.99,0.92,0.99,0.86,1.11,1.34,1.11,
24,direct,LinearBoosting,F-X-MAF,1.07,1.01,1.00,1.18,1.07,0.97,0.92,1.06,1.06,0.94,
24,direct,LinearBoosting,F-X-Level,0.96,0.95,0.94,1.00,0.95,0.94,0.91,1.03,1.42,1.16,
24,direct,LinearBoosting,F-X-MARX-Level,1.01,0.90,0.91,0.99,0.89,0.95,0.95,1.04,1.07,1.03,
24,direct,LinearBoosting,X,1.03,1.06,0.96,1.02,0.91,0.98,0.88,1.07,1.22,1.06,
24,direct,LinearBoosting,MARX,1.12,1.10,1.03,1.08,0.98,1.04,0.98,1.07,1.45,1.15,
24,direct,LinearBoosting,MAF,1.36,1.26,1.21,1.32,1.32,0.98,1.04,1.11,1.10,1.06,
24,direct,LinearBoosting,X-MARX,1.04,1.03,0.93,0.98,0.90,0.97,0.95,1.08,1.32,1.05,
24,direct,LinearBoosting,X-MAF,1.09,1.02,1.00,1.19,1.09,0.98,0.93,1.07,1.07,0.94,
24,direct,LinearBoosting,X-Level,0.95,0.91,0.92,1.01,0.95,0.89,1.04,1.04,1.49,1.30,
24,direct,LinearBoosting,X-MARX-Level,1.01,0.89,0.90,0.98,0.88,0.93,0.99,1.04,1.15,1.08,
24,direct,RandomForest,F,0.93,0.97,0.86,0.93,0.86,0.90,0.77,0.88,0.81,0.82,
24,direct,RandomForest,F-X,0.89,0.92,0.90,0.96,0.91,0.86,0.77,1.04,1.04,0.94,
24,direct,RandomForest,F-MARX,0.97,0.97,0.89,1.01,0.94,0.87,0.87,1.13,1.14,1.11,
24,direct,RandomForest,F-MAF,0.94,0.91,0.87,1.01,0.90,0.82,0.85,1.04,1.22,1.04,
24,direct,RandomForest,F-Level,0.87,1.26,1.26,1.16,0.82,0.96,0.92,0.82,1.10,0.84,
24,direct,RandomForest,F-X-MARX,0.95,0.98,0.89,0.98,0.91,0.87,0.82,1.16,1.09,1.08,
24,direct,RandomForest,F-X-MAF,0.89,0.90,0.86,0.99,0.91,0.83,0.80,1.06,1.13,1.00,
24,direct,RandomForest,F-X-Level,0.87,1.09,1.13,1.12,0.86,0.93,0.92,0.94,1.13,0.94,
24,direct,RandomForest,F-X-MARX-Level,0.89,1.00,0.95,1.10,0.89,0.95,0.93,0.99,1.16,1.07,
24,direct,RandomForest,X,0.89,0.92,0.90,0.96,0.91,0.86,0.77,1.04,1.05,0.94,
24,direct,RandomForest,MARX,0.98,0.98,0.89,1.02,0.94,0.87,0.87,1.14,1.15,1.12,
24,direct,RandomForest,MAF,0.97,0.93,0.89,1.01,0.90,0.82,0.85,1.04,1.21,1.04,
24,direct,RandomForest,X-MARX,0.95,0.98,0.88,0.98,0.91,0.86,0.83,1.16,1.09,1.08,
24,direct,RandomForest,X-MAF,0.89,0.90,0.87,0.99,0.92,0.83,0.80,1.07,1.13,1.01,
24,direct,RandomForest,X-Level,0.87,1.09,1.14,1.12,0.87,0.94,0.91,0.94,1.14,0.94,
24,direct,RandomForest,X-MARX-Level,0.89,1.00,0.94,1.10,0.89,0.95,0.94,0.99,1.16,1.08,
24,direct,BoostedTrees,F,0.93,0.99,0.90,0.95,0.87,0.95,0.78,0.95,0.84,0.89,
24,direct,BoostedTrees,F-X,0.90,1.01,0.91,1.02,0.94,0.83,0.82,1.07,0.97,0.93,
24,direct,BoostedTrees,F-MARX,0.96,1.06,0.87,1.04,0.98,0.84,0.88,1.07,1.02,1.00,
24,direct,BoostedTrees,F-MAF,1.00,1.01,0.84,1.04,0.96,0.90,0.88,1.01,1.20,1.15,
24,direct,BoostedTrees,F-Level,0.95,1.25,1.22,1.14,0.90,1.01,0.98,0.83,1.02,0.81,
24,direct,BoostedTrees,F-X-MARX,0.97,1.05,0.94,1.03,0.98,0.85,0.85,1.11,1.12,0.96,
24,direct,BoostedTrees,F-X-MAF,0.93,0.98,0.92,1.07,0.93,0.80,0.86,1.09,1.26,0.96,
24,direct,BoostedTrees,F-X-Level,0.89,1.13,1.20,1.08,0.90,0.83,0.96,0.93,1.12,0.86,
24,direct,BoostedTrees,F-X-MARX-Level,0.91,1.11,1.02,1.13,0.95,0.88,0.99,0.96,1.21,1.05,
24,direct,BoostedTrees,X,0.90,1.01,0.92,1.02,0.98,0.84,0.82,1.07,1.08,0.96,
24,direct,BoostedTrees,MARX,0.99,1.06,0.91,1.00,0.97,0.84,0.91,1.09,1.13,0.97,
24,direct,BoostedTrees,MAF,1.01,1.01,0.87,1.04,0.97,0.83,0.83,1.00,1.16,1.13,
24,direct,BoostedTrees,X-MARX,0.93,1.03,0.90,1.01,0.98,0.85,0.85,1.13,1.09,0.99,
24,direct,BoostedTrees,X-MAF,0.94,0.99,0.92,1.04,0.98,0.82,0.83,1.09,1.24,0.95,
24,direct,BoostedTrees,X-Level,0.92,1.20,1.16,1.12,0.82,0.91,0.91,0.92,1.22,0.86,
24,direct,BoostedTrees,X-MARX-Level,0.96,1.05,1.00,1.09,0.92,0.87,1.03,0.98,1.11,0.99,
1,sgr,FM_ABS,-,0.006,0.001,0.148,0.007,0.004,0.011,0.072,0.003,0.002,0.006,
1,sgr,AR,-,1.00,1.00,1.00,1.00,1.00,1.00,1.00,1.00,1.00,1.00,*
1,sgr,AdaptiveLasso,F,0.96,0.97,0.97,1.00,1.03,1.04,1.02,0.98,0.98,0.98,
1,sgr,AdaptiveLasso,F-X,0.95,1.03,0.96,1.01,1.08,1.09,1.02,0.99,1.06,1.00,
1,sgr,AdaptiveLasso,F-MARX,0.95,0.99,0.95,1.00,1.04,1.02,1.01,0.99,0.96,0.93,
1,sgr,AdaptiveLasso,F-MAF,0.94,0.99,0.95,1.01,1.04,1.05,1.02,1.00,1.05,1.02,
1,sgr,AdaptiveLasso,F-Level,0.96,1.02,0.95,1.00,1.02,1.04,1.02,1.00,1.02,0.99,
1,sgr,AdaptiveLasso,F-X-MARX,1.09,1.01,0.95,1.01,1.06,1.03,1.01,0.97,1.04,0.97,
1,sgr,AdaptiveLasso,F-X-MAF,0.95,1.01,0.96,1.02,1.06,1.07,1.02,0.98,1.05,1.01,
1,sgr,AdaptiveLasso,F-X-Level,0.96,1.02,0.96,1.00,1.04,1.10,1.02,0.98,1.03,1.01,
1,sgr,AdaptiveLasso,F-X-MARX-Level,1.10,1.01,0.95,1.00,1.06,1.05,1.01,0.98,1.03,0.97,
1,sgr,AdaptiveLasso,X,0.95,1.03,0.96,1.00,1.08,1.05,1.03,0.99,1.04,1.02,
1,sgr,AdaptiveLasso,MARX,0.96,1.01,0.96,1.00,1.06,1.03,1.01,0.97,0.96,0.97,
1,sgr,AdaptiveLasso,MAF,0.98,1.00,0.96,1.01,1.08,1.05,1.03,1.00,1.09,1.04,
1,sgr,AdaptiveLasso,X-MARX,1.15,1.00,0.95,1.00,1.07,1.04,1.01,0.99,1.09,0.97,
1,sgr,AdaptiveLasso,X-MAF,1.23,1.02,0.95,1.00,1.06,1.09,1.03,0.98,1.03,1.00,
1,sgr,AdaptiveLasso,X-Level,0.96,1.02,0.96,1.00,1.05,1.06,1.03,0.98,1.03,1.01,
1,sgr,AdaptiveLasso,X-MARX-Level,1.13,1.01,0.95,1.00,1.06,1.04,1.01,0.97,1.03,0.96,
1,sgr,ElasticNet,F,0.97,0.97,0.97,1.01,1.03,1.04,1.00,0.98,0.98,0.97,
1,sgr,ElasticNet,F-X,0.96,1.01,0.96,1.01,1.04,1.04,1.01,1.00,1.04,1.00,
1,sgr,ElasticNet,F-MARX,0.95,0.98,0.94,1.00,1.05,1.02,1.00,0.99,0.97,0.92,
1,sgr,ElasticNet,F-MAF,0.95,0.98,0.95,1.00,1.04,1.06,1.01,0.99,1.04,1.03,
1,sgr,ElasticNet,F-Level,0.96,0.98,0.95,1.01,1.03,1.02,0.97,1.00,1.00,0.99,
1,sgr,ElasticNet,F-X-MARX,1.09,1.01,0.95,1.00,1.05,1.04,1.00,0.98,1.19,0.96,
1,sgr,ElasticNet,F-X-MAF,0.95,1.01,0.96,1.00,1.05,1.10,1.02,0.99,1.06,0.99,
1,sgr,ElasticNet,F-X-Level,0.96,1.01,0.96,1.01,1.04,1.03,1.02,0.99,1.03,0.99,
1,sgr,ElasticNet,F-X-MARX-Level,1.08,1.01,0.95,1.00,1.05,1.04,1.00,0.98,1.19,0.97,
1,sgr,ElasticNet,X,0.96,1.02,0.96,1.00,1.04,1.05,1.02,0.98,1.03,0.99,
1,sgr,ElasticNet,MARX,0.96,1.00,0.95,1.00,1.04,1.03,0.99,0.97,0.97,0.95,
1,sgr,ElasticNet,MAF,0.97,0.99,0.96,1.01,1.05,1.06,1.03,1.00,1.10,1.03,
1,sgr,ElasticNet,X-MARX,1.14,1.00,0.95,1.00,1.06,1.04,1.00,0.98,1.12,0.96,
1,sgr,ElasticNet,X-MAF,0.95,1.01,0.96,1.00,1.06,1.04,1.02,1.00,1.03,0.99,
1,sgr,ElasticNet,X-Level,0.96,1.01,0.96,0.99,1.04,1.04,1.02,0.98,1.03,1.00,
1,sgr,ElasticNet,X-MARX-Level,1.09,1.01,0.95,1.00,1.08,1.07,1.01,0.97,1.04,0.96,
1,sgr,LinearBoosting,F,0.97,1.00,0.97,1.00,1.03,1.04,1.00,1.17,1.07,0.99,
1,sgr,LinearBoosting,F-X,0.98,1.02,0.96,1.00,1.07,1.05,1.04,1.06,1.08,1.02,
1,sgr,LinearBoosting,F-MARX,0.96,1.05,0.96,0.99,1.04,1.03,1.01,1.09,1.00,0.98,
1,sgr,LinearBoosting,F-MAF,0.94,0.95,0.94,1.01,1.05,1.03,1.02,1.01,1.06,1.03,
1,sgr,LinearBoosting,F-Level,0.95,0.99,0.96,1.01,1.03,1.04,1.02,1.04,1.01,1.01,
1,sgr,LinearBoosting,F-X-MARX,0.94,1.05,0.96,1.00,1.07,1.12,1.04,1.08,1.14,0.96,
1,sgr,LinearBoosting,F-X-MAF,1.23,1.00,0.95,0.99,1.06,1.05,1.05,0.99,1.03,1.03,
1,sgr,LinearBoosting,F-X-Level,0.94,0.99,0.96,1.00,1.07,1.03,1.03,1.02,1.09,1.01,
1,sgr,LinearBoosting,F-X-MARX-Level,0.94,0.99,0.94,0.99,1.07,1.05,1.03,1.02,0.98,0.94,
1,sgr,LinearBoosting,X,0.96,1.08,0.96,1.02,1.08,1.06,1.04,1.06,1.22,1.02,
1,sgr,LinearBoosting,MARX,0.95,1.10,0.95,0.99,1.06,1.04,1.00,1.07,1.09,0.97,
1,sgr,LinearBoosting,MAF,0.99,1.00,0.96,1.00,1.06,1.04,1.02,1.02,1.19,1.04,
1,sgr,LinearBoosting,X-MARX,0.96,1.08,0.94,1.00,1.06,1.10,1.03,1.09,1.04,0.97,
1,sgr,LinearBoosting,X-MAF,0.96,1.02,0.96,1.02,1.11,1.06,1.04,0.98,1.02,1.01,
1,sgr,LinearBoosting,X-Level,0.95,1.05,0.96,1.00,1.06,1.06,1.05,1.04,1.03,1.01,
1,sgr,LinearBoosting,X-MARX-Level,0.94,1.01,0.94,1.06,1.10,1.03,1.03,1.03,1.03,1.02,
1,sgr,RandomForest,F,0.95,0.99,0.97,0.97,1.05,1.04,1.04,0.97,1.00,0.97,
1,sgr,RandomForest,F-X,0.96,1.00,0.95,0.98,1.05,1.04,1.04,0.96,1.00,0.97,
1,sgr,RandomForest,F-MARX,0.93,0.95,0.94,0.95,1.05,1.03,1.03,0.96,0.97,0.95,
1,sgr,RandomForest,F-MAF,0.96,0.97,0.97,0.98,1.04,1.04,1.04,0.97,1.01,0.97,
1,sgr,RandomForest,F-Level,0.94,1.00,0.96,1.02,1.05,1.05,1.04,0.96,1.00,0.98,
1,sgr,RandomForest,F-X-MARX,0.93,0.96,0.95,0.96,1.05,1.04,1.03,0.96,0.98,0.95,
1,sgr,RandomForest,F-X-MAF,0.94,0.98,0.95,0.97,1.06,1.04,1.05,0.96,0.99,0.98,
1,sgr,RandomForest,F-X-Level,0.95,0.99,0.95,1.00,1.05,1.04,1.05,0.95,1.00,0.98,
1,sgr,RandomForest,F-X-MARX-Level,0.92,0.94,0.95,0.97,1.05,1.04,1.04,0.96,0.97,0.95,
1,sgr,RandomForest,X,0.96,1.01,0.95,0.98,1.04,1.04,1.05,0.96,1.00,0.97,
1,sgr,RandomForest,MARX,0.93,0.95,0.95,0.94,1.06,1.03,1.03,0.97,0.97,0.95,
1,sgr,RandomForest,MAF,0.97,0.99,0.98,0.99,1.05,1.04,1.05,0.98,1.02,0.96,
1,sgr,RandomForest,X-MARX,0.93,0.96,0.94,0.96,1.05,1.03,1.04,0.96,0.98,0.95,
1,sgr,RandomForest,X-MAF,0.96,0.99,0.95,0.97,1.05,1.04,1.05,0.96,0.99,0.98,
1,sgr,RandomForest,X-Level,0.95,0.99,0.95,1.00,1.05,1.05,1.05,0.95,0.99,0.97,
1,sgr,RandomForest,X-MARX-Level,0.92,0.95,0.94,0.98,1.06,1.04,1.04,0.96,0.96,0.95,
1,sgr,BoostedTrees,F,0.98,1.05,1.01,1.02,1.05,1.02,1.06,1.04,0.97,0.98,
1,sgr,BoostedTrees,F-X,0.98,1.04,0.95,1.00,1.06,1.04,1.07,1.01,0.99,0.99,
1,sgr,BoostedTrees,F-MARX,0.96,1.02,0.94,1.01,1.05,1.06,1.03,1.00,0.99,0.98,
1,sgr,BoostedTrees,F-MAF,0.95,1.07,0.99,1.04,1.06,1.05,1.08,1.00,1.01,0.97,
1,sgr,BoostedTrees,F-Level,0.97,1.02,1.01,1.06,1.07,1.05,1.10,0.98,1.02,1.00,
1,sgr,BoostedTrees,F-X-MARX,0.96,1.05,0.96,0.97,1.07,1.04,1.06,1.00,1.00,0.98,
1,sgr,BoostedTrees,F-X-MAF,0.99,1.06,0.97,1.02,1.06,1.02,1.07,0.99,0.99,0.99,
1,sgr,BoostedTrees,F-X-Level,0.96,1.09,0.95,1.03,1.05,1.06,1.08,0.99,1.00,1.01,
1,sgr,BoostedTrees,F-X-MARX-Level,0.97,1.01,0.96,0.98,1.05,1.02,1.07,0.98,0.99,0.99,
1,sgr,BoostedTrees,X,0.98,1.08,0.98,1.00,1.05,1.06,1.08,0.97,0.99,1.01,
1,sgr,BoostedTrees,MARX,0.94,1.02,0.95,0.99,1.08,1.05,1.04,1.01,0.99,0.97,
1,sgr,BoostedTrees,MAF,0.98,1.06,0.99,1.04,1.06,1.04,1.09,1.02,1.03,0.99,
1,sgr,BoostedTrees,X-MARX,0.95,1.00,0.96,1.00,1.06,1.05,1.08,0.97,0.99,0.98,
1,sgr,BoostedTrees,X-MAF,0.98,1.08,0.98,1.02,1.06,1.04,1.07,1.01,1.00,1.00,
1,sgr,BoostedTrees,X-Level,0.97,1.07,0.97,1.02,1.06,1.06,1.09,0.98,0.98,1.01,
1,sgr,BoostedTrees,X-MARX-Level,0.96,1.02,0.95,0.98,1.08,1.02,1.07,0.99,0.99,1.00,
3,sgr,FM_ABS,-,0.004,0.001,0.088,0.003,0.002,0.005,0.033,0.003,0.002,0.004,
3,sgr,AR,-,0.97,0.96,0.96,1.00,1.03,0.98,0.98,1.01,1.02,1.00,********
3,sgr,AdaptiveLasso,F,0.92,0.90,0.92,1.00,1.04,1.03,0.92,0.97,0.98,0.98,
3,sgr,AdaptiveLasso,F-X,1.00,0.99,0.94,1.03,1.16,1.07,0.92,0.95,1.00,1.00,
3,sgr,AdaptiveLasso,F-MARX,0.91,0.92,0.87,1.02,1.06,1.01,0.91,0.96,0.99,0.94,
3,sgr,AdaptiveLasso,F-MAF,0.96,0.93,0.89,1.02,1.04,1.03,0.93,0.98,1.02,1.02,
3,sgr,AdaptiveLasso,F-Level,0.90,0.91,0.90,1.03,1.01,1.02,0.93,0.96,1.12,0.99,
3,sgr,AdaptiveLasso,F-X-MARX,1.05,0.96,0.90,0.99,1.13,1.02,0.92,0.94,1.02,0.94,
3,sgr,AdaptiveLasso,F-X-MAF,0.99,0.96,0.91,0.99,1.08,1.09,0.92,0.94,1.00,0.99,
3,sgr,AdaptiveLasso,F-X-Level,1.00,0.98,0.95,1.02,1.08,1.10,0.93,0.93,1.02,0.99,
3,sgr,AdaptiveLasso,F-X-MARX-Level,1.05,0.96,0.91,1.03,1.08,1.05,0.91,0.92,1.02,0.94,
3,sgr,AdaptiveLasso,X,0.99,0.99,0.94,1.03,1.11,1.03,0.93,0.95,1.02,1.01,
3,sgr,AdaptiveLasso,MARX,0.92,0.94,0.86,1.02,1.08,1.02,0.91,0.95,0.99,0.94,
3,sgr,AdaptiveLasso,MAF,1.01,0.97,0.92,1.02,1.12,1.03,0.93,0.99,1.06,1.03,
3,sgr,AdaptiveLasso,X-MARX,1.08,0.95,0.90,1.05,1.09,1.03,0.92,0.94,0.99,0.94,
3,sgr,AdaptiveLasso,X-MAF,1.12,0.97,0.91,1.03,1.09,1.08,0.93,0.93,1.01,0.99,
3,sgr,AdaptiveLasso,X-Level,1.00,0.98,0.95,1.02,1.08,1.05,0.94,0.92,1.03,0.99,
3,sgr,AdaptiveLasso,X-MARX-Level,1.08,0.96,0.91,1.02,1.08,1.04,0.92,0.92,1.02,0.94,
3,sgr,ElasticNet,F,0.95,0.89,0.91,1.01,1.04,1.03,0.94,0.97,0.97,0.97,
3,sgr,ElasticNet,F-X,0.99,0.97,0.93,1.04,1.04,1.02,0.93,0.96,1.01,0.99,
3,sgr,ElasticNet,F-MARX,0.91,0.90,0.86,1.02,1.06,1.01,0.93,0.96,0.99,0.93,
3,sgr,ElasticNet,F-MAF,0.96,0.92,0.89,1.01,1.04,1.04,0.95,0.98,1.02,1.02,
3,sgr,ElasticNet,F-Level,0.91,0.88,0.87,1.04,1.00,1.00,0.87,0.98,1.03,1.02,
3,sgr,ElasticNet,F-X-MARX,1.05,0.96,0.88,1.04,1.09,1.04,0.92,0.94,1.00,0.94,
3,sgr,ElasticNet,F-X-MAF,1.00,0.96,0.90,1.03,1.10,1.08,0.93,0.95,1.00,0.99,
3,sgr,ElasticNet,F-X-Level,1.00,0.97,0.93,1.04,1.03,1.01,0.93,0.94,1.02,0.99,
3,sgr,ElasticNet,F-X-MARX-Level,1.04,0.95,0.88,1.04,1.06,1.02,0.92,0.93,1.03,0.94,
3,sgr,ElasticNet,X,1.00,0.98,0.93,1.03,1.06,1.02,0.94,0.94,1.01,0.99,
3,sgr,ElasticNet,MARX,0.91,0.94,0.86,1.01,1.05,1.01,0.93,0.95,0.99,0.93,
3,sgr,ElasticNet,MAF,1.00,0.96,0.91,1.02,1.08,1.03,0.99,0.99,1.05,1.02,
3,sgr,ElasticNet,X-MARX,1.08,0.94,0.88,1.05,1.09,1.03,0.93,0.94,1.00,0.94,
3,sgr,ElasticNet,X-MAF,0.99,0.96,0.91,1.00,1.12,1.02,0.94,0.96,1.00,0.99,
3,sgr,ElasticNet,X-Level,1.00,0.97,0.94,1.01,1.04,1.02,0.93,0.93,1.02,1.00,
3,sgr,ElasticNet,X-MARX-Level,1.05,0.95,0.88,1.05,1.10,1.07,0.92,0.93,1.01,0.94,
3,sgr,LinearBoosting,F,0.94,0.97,0.91,1.01,1.02,1.02,0.95,1.21,1.09,1.01,
3,sgr,LinearBoosting,F-X,1.02,1.02,0.92,1.03,1.10,1.04,0.95,1.08,1.07,1.01,
3,sgr,LinearBoosting,F-MARX,0.90,1.06,0.88,1.03,1.03,1.03,0.94,1.13,1.06,0.97,
3,sgr,LinearBoosting,F-MAF,0.94,0.89,0.87,1.02,1.04,1.01,0.95,1.00,1.03,1.02,
3,sgr,LinearBoosting,F-Level,0.91,0.91,0.88,1.03,1.02,1.01,0.95,1.00,1.01,0.98,
3,sgr,LinearBoosting,F-X-MARX,0.95,1.08,0.87,1.07,1.07,1.11,0.96,1.12,1.10,0.96,
3,sgr,LinearBoosting,F-X-MAF,1.18,0.96,0.88,1.02,1.09,1.03,0.96,0.97,1.01,1.02,
3,sgr,LinearBoosting,F-X-Level,0.98,0.97,0.92,1.02,1.14,1.01,0.96,1.01,1.04,0.99,
3,sgr,LinearBoosting,F-X-MARX-Level,0.94,0.98,0.86,1.03,1.07,1.05,0.98,1.01,0.99,0.97,
3,sgr,LinearBoosting,X,1.00,1.13,0.93,1.04,1.14,1.04,0.95,1.08,1.12,1.01,
3,sgr,LinearBoosting,MARX,0.92,1.14,0.85,1.04,1.07,1.03,0.95,1.10,1.09,0.97,
3,sgr,LinearBoosting,MAF,1.01,0.96,0.92,1.01,1.07,1.01,0.96,1.02,1.10,1.01,
3,sgr,LinearBoosting,X-MARX,0.96,1.13,0.88,1.07,1.10,1.12,1.00,1.12,1.04,0.99,
3,sgr,LinearBoosting,X-MAF,1.00,0.98,0.90,1.00,1.18,1.04,0.95,0.96,1.00,1.04,
3,sgr,LinearBoosting,X-Level,0.99,1.04,0.94,1.02,1.11,1.04,0.95,1.01,0.99,1.00,
3,sgr,LinearBoosting,X-MARX-Level,0.94,1.00,0.88,1.10,1.14,1.00,0.97,1.02,0.99,1.03,
3,sgr,RandomForest,F,0.95,0.96,0.91,0.96,1.02,1.01,0.93,0.96,0.93,0.96,
3,sgr,RandomForest,F-X,0.98,0.97,0.90,0.99,1.02,1.01,0.92,0.96,0.94,0.97,
3,sgr,RandomForest,F-MARX,0.87,0.82,0.83,0.96,1.01,0.99,0.94,0.96,0.94,0.96,
3,sgr,RandomForest,F-MAF,0.97,0.92,0.90,0.99,1.00,1.00,0.92,0.98,0.95,0.97,
3,sgr,RandomForest,F-Level,0.92,0.95,0.92,1.10,1.02,1.04,0.95,0.93,0.97,0.99,
3,sgr,RandomForest,F-X-MARX,0.89,0.84,0.85,0.97,1.02,1.00,0.92,0.96,0.95,0.97,
3,sgr,RandomForest,F-X-MAF,0.98,0.93,0.89,0.99,1.01,1.01,0.93,0.97,0.94,0.98,
3,sgr,RandomForest,F-X-Level,0.94,0.96,0.90,1.02,1.00,1.02,0.93,0.93,0.95,0.97,
3,sgr,RandomForest,F-X-MARX-Level,0.88,0.83,0.85,0.99,1.01,1.01,0.93,0.95,0.94,0.97,
3,sgr,RandomForest,X,0.99,0.98,0.91,0.98,1.01,1.01,0.94,0.96,0.93,0.97,
3,sgr,RandomForest,MARX,0.86,0.82,0.85,0.96,1.03,0.99,0.93,0.96,0.95,0.97,
3,sgr,RandomForest,MAF,1.01,0.97,0.92,1.00,1.01,1.01,0.94,0.98,0.95,0.96,
3,sgr,RandomForest,X-MARX,0.88,0.84,0.84,0.96,1.02,0.99,0.93,0.96,0.95,0.97,
3,sgr,RandomForest,X-MAF,0.99,0.95,0.89,0.98,1.02,1.01,0.93,0.97,0.94,0.98,
3,sgr,RandomForest,X-Level,0.95,0.98,0.91,1.04,1.01,1.01,0.94,0.92,0.95,0.98,
3,sgr,RandomForest,X-MARX-Level,0.88,0.83,0.84,1.00,1.03,1.01,0.93,0.94,0.94,0.97,
3,sgr,BoostedTrees,F,0.97,1.00,0.98,1.00,1.02,0.99,0.96,1.01,0.94,0.96,
3,sgr,BoostedTrees,F-X,0.97,0.96,0.94,0.99,1.06,1.00,0.96,0.99,0.98,0.98,
3,sgr,BoostedTrees,F-MARX,0.91,0.87,0.86,0.99,1.04,1.01,0.97,1.00,0.98,0.98,
3,sgr,BoostedTrees,F-MAF,0.97,1.01,0.95,1.04,1.06,1.01,0.97,0.99,0.95,0.96,
3,sgr,BoostedTrees,F-Level,0.93,0.95,0.99,1.13,1.08,1.02,0.98,0.95,1.01,1.00,
3,sgr,BoostedTrees,F-X-MARX,0.91,0.90,0.89,0.99,1.05,0.97,0.99,1.00,0.98,0.99,
3,sgr,BoostedTrees,F-X-MAF,1.00,0.99,0.92,1.02,1.03,0.99,0.98,1.00,0.96,0.97,
3,sgr,BoostedTrees,F-X-Level,0.94,1.00,0.92,1.04,1.07,1.01,0.98,0.97,0.99,0.99,
3,sgr,BoostedTrees,F-X-MARX-Level,0.92,0.92,0.89,0.99,1.05,0.99,1.00,0.96,0.96,0.99,
3,sgr,BoostedTrees,X,0.97,1.03,0.94,1.01,1.05,1.03,0.97,1.00,0.96,0.99,
3,sgr,BoostedTrees,MARX,0.89,0.89,0.87,0.98,1.09,0.98,0.98,1.03,0.99,0.97,
3,sgr,BoostedTrees,MAF,1.04,1.01,0.98,1.04,1.05,1.01,0.97,1.00,0.97,0.96,
3,sgr,BoostedTrees,X-MARX,0.92,0.89,0.90,1.00,1.05,1.01,0.99,0.98,0.97,0.99,
3,sgr,BoostedTrees,X-MAF,1.00,1.04,0.94,1.03,1.02,1.03,0.99,1.00,0.98,0.99,
3,sgr,BoostedTrees,X-Level,0.94,1.04,0.94,1.04,1.07,1.04,1.01,0.96,0.96,1.01,
3,sgr,BoostedTrees,X-MARX-Level,0.89,0.90,0.88,0.98,1.07,0.99,0.98,0.94,0.97,0.99,
6,sgr,FM_ABS,-,0.004,0.001,0.077,0.002,0.002,0.004,0.024,0.002,0.002,0.004,
6,sgr,AR,-,0.93,0.93,0.95,0.97,1.01,0.95,1.02,0.99,0.97,0.97,*******
6,sgr,AdaptiveLasso,F,0.86,0.87,0.90,0.95,1.00,1.03,0.90,0.95,0.93,0.94,
6,sgr,AdaptiveLasso,F-X,0.96,0.94,0.93,1.01,1.14,1.10,0.89,0.91,0.93,0.97,
6,sgr,AdaptiveLasso,F-MARX,0.87,0.87,0.84,0.96,1.03,1.00,0.90,0.95,0.96,0.92,
6,sgr,AdaptiveLasso,F-MAF,0.91,0.89,0.87,0.96,0.98,1.02,0.90,0.94,0.96,0.97,
6,sgr,AdaptiveLasso,F-Level,0.84,0.86,0.89,0.99,0.94,1.00,0.92,0.93,1.20,1.02,
6,sgr,AdaptiveLasso,F-X-MARX,1.02,0.91,0.89,0.95,1.05,1.00,0.90,0.91,0.97,0.91,
6,sgr,AdaptiveLasso,F-X-MAF,0.95,0.92,0.89,0.97,1.03,1.08,0.89,0.90,0.94,0.94,
6,sgr,AdaptiveLasso,F-X-Level,0.94,0.92,0.94,1.00,1.04,1.12,0.90,0.87,0.98,0.95,
6,sgr,AdaptiveLasso,F-X-MARX-Level,1.01,0.90,0.89,0.97,1.03,1.04,0.90,0.88,0.98,0.91,
6,sgr,AdaptiveLasso,X,0.96,0.94,0.93,1.02,1.10,1.00,0.90,0.92,0.96,0.97,
6,sgr,AdaptiveLasso,MARX,0.89,0.88,0.84,0.95,1.04,1.00,0.90,0.94,0.96,0.91,
6,sgr,AdaptiveLasso,MAF,0.96,0.91,0.89,0.98,1.10,1.01,0.90,0.95,0.98,0.98,
6,sgr,AdaptiveLasso,X-MARX,1.06,0.90,0.89,1.00,1.05,1.01,0.91,0.91,0.95,0.90,
6,sgr,AdaptiveLasso,X-MAF,1.10,0.93,0.89,0.99,1.05,1.07,0.91,0.90,0.95,0.94,
6,sgr,AdaptiveLasso,X-Level,0.95,0.93,0.94,1.01,1.04,1.03,0.91,0.87,0.99,0.95,
6,sgr,AdaptiveLasso,X-MARX-Level,1.03,0.90,0.89,0.97,1.04,1.02,0.91,0.88,0.98,0.91,
6,sgr,ElasticNet,F,0.88,0.87,0.89,0.97,0.99,1.03,0.97,0.94,0.92,0.94,
6,sgr,ElasticNet,F-X,0.95,0.93,0.92,1.02,0.99,0.98,0.92,0.93,0.94,0.94,
6,sgr,ElasticNet,F-MARX,0.86,0.86,0.82,0.96,1.02,1.00,0.96,0.95,0.96,0.92,
6,sgr,ElasticNet,F-MAF,0.90,0.88,0.86,0.96,0.98,1.02,0.99,0.94,0.96,0.97,
6,sgr,ElasticNet,F-Level,0.83,0.83,0.85,1.00,0.94,0.98,0.99,0.95,1.09,1.03,
6,sgr,ElasticNet,F-X-MARX,1.01,0.91,0.84,0.98,1.02,1.01,0.94,0.91,0.94,0.90,
6,sgr,ElasticNet,F-X-MAF,0.96,0.92,0.88,1.01,1.01,1.11,0.92,0.91,0.93,0.95,
6,sgr,ElasticNet,F-X-Level,0.94,0.90,0.92,1.02,0.97,0.98,0.92,0.90,0.98,0.96,
6,sgr,ElasticNet,F-X-MARX-Level,1.00,0.89,0.84,0.98,0.98,1.00,0.94,0.89,1.00,0.90,
6,sgr,ElasticNet,X,0.96,0.93,0.92,1.01,1.00,0.98,0.93,0.91,0.94,0.95,
6,sgr,ElasticNet,MARX,0.86,0.88,0.82,0.95,0.99,0.99,0.96,0.94,0.95,0.91,
6,sgr,ElasticNet,MAF,0.94,0.90,0.87,0.98,1.02,1.00,1.04,0.95,0.98,0.98,
6,sgr,ElasticNet,X-MARX,1.06,0.90,0.84,0.98,1.01,1.00,0.95,0.91,0.94,0.90,
6,sgr,ElasticNet,X-MAF,0.96,0.92,0.88,0.97,1.03,0.98,0.94,0.92,0.93,0.94,
6,sgr,ElasticNet,X-Level,0.94,0.91,0.92,0.99,0.98,0.97,0.93,0.88,0.99,0.97,
6,sgr,ElasticNet,X-MARX-Level,1.01,0.89,0.84,0.99,1.03,1.04,0.96,0.88,0.98,0.91,
6,sgr,LinearBoosting,F,0.87,0.93,0.88,0.97,0.98,1.01,0.99,1.18,1.10,0.99,
6,sgr,LinearBoosting,F-X,0.99,0.98,0.92,1.00,1.07,1.02,0.94,1.04,1.03,0.97,
6,sgr,LinearBoosting,F-MARX,0.85,1.00,0.84,0.99,0.98,1.03,0.98,1.13,1.07,0.95,
6,sgr,LinearBoosting,F-MAF,0.89,0.87,0.84,0.97,0.97,0.98,1.00,0.95,0.96,0.97,
6,sgr,LinearBoosting,F-Level,0.83,0.84,0.85,0.98,0.98,1.00,1.00,0.97,1.01,0.97,
6,sgr,LinearBoosting,F-X-MARX,0.90,1.02,0.84,1.02,1.02,1.16,0.98,1.10,1.11,0.96,
6,sgr,LinearBoosting,F-X-MAF,1.16,0.93,0.86,0.99,1.05,1.00,0.96,0.93,0.96,0.97,
6,sgr,LinearBoosting,F-X-Level,0.93,0.93,0.90,0.99,1.10,0.99,0.96,0.98,0.98,0.94,
6,sgr,LinearBoosting,F-X-MARX-Level,0.89,0.92,0.82,0.98,1.03,1.04,1.00,1.00,1.01,0.96,
6,sgr,LinearBoosting,X,0.96,1.06,0.92,1.03,1.12,1.02,0.95,1.05,1.08,0.96,
6,sgr,LinearBoosting,MARX,0.86,1.04,0.83,1.00,1.01,1.00,1.01,1.10,1.13,0.98,
6,sgr,LinearBoosting,MAF,0.95,0.91,0.89,0.96,1.00,0.97,0.99,0.97,1.03,0.98,
6,sgr,LinearBoosting,X-MARX,0.93,1.06,0.84,1.00,1.06,1.11,1.02,1.11,1.05,0.99,
6,sgr,LinearBoosting,X-MAF,0.95,0.93,0.88,0.97,1.16,1.01,0.94,0.91,0.97,1.01,
6,sgr,LinearBoosting,X-Level,0.94,0.96,0.93,1.00,1.07,1.02,0.94,0.98,0.95,0.96,
6,sgr,LinearBoosting,X-MARX-Level,0.88,0.93,0.84,1.09,1.13,0.98,0.99,1.01,0.98,1.05,
6,sgr,RandomForest,F,0.88,0.90,0.87,0.90,0.93,0.95,0.92,0.91,0.84,0.90,
6,sgr,RandomForest,F-X,0.94,0.93,0.89,0.92,0.92,0.96,0.89,0.92,0.85,0.91,
6,sgr,RandomForest,F-MARX,0.84,0.81,0.80,0.89,0.92,0.92,0.90,0.93,0.89,0.96,
6,sgr,RandomForest,F-MAF,0.93,0.87,0.87,0.89,0.89,0.94,0.89,0.94,0.88,0.93,
6,sgr,RandomForest,F-Level,0.89,0.93,0.93,1.09,0.89,1.00,0.93,0.86,0.88,0.97,
6,sgr,RandomForest,F-X-MARX,0.85,0.83,0.82,0.88,0.93,0.95,0.87,0.93,0.90,0.95,
6,sgr,RandomForest,F-X-MAF,0.93,0.90,0.88,0.90,0.90,0.96,0.88,0.93,0.86,0.93,
6,sgr,RandomForest,F-X-Level,0.90,0.93,0.89,0.96,0.92,0.97,0.89,0.86,0.86,0.94,
6,sgr,RandomForest,F-X-MARX-Level,0.84,0.82,0.82,0.90,0.92,0.95,0.89,0.90,0.89,0.96,
6,sgr,RandomForest,X,0.94,0.94,0.90,0.92,0.93,0.95,0.90,0.92,0.84,0.91,
6,sgr,RandomForest,MARX,0.83,0.81,0.81,0.89,0.94,0.93,0.89,0.93,0.90,0.97,
6,sgr,RandomForest,MAF,0.96,0.89,0.90,0.91,0.91,0.95,0.90,0.94,0.89,0.93,
6,sgr,RandomForest,X-MARX,0.85,0.82,0.82,0.88,0.94,0.94,0.88,0.92,0.90,0.95,
6,sgr,RandomForest,X-MAF,0.94,0.90,0.88,0.90,0.92,0.96,0.88,0.92,0.86,0.93,
6,sgr,RandomForest,X-Level,0.92,0.93,0.90,0.98,0.91,0.98,0.90,0.86,0.86,0.94,
6,sgr,RandomForest,X-MARX-Level,0.85,0.82,0.82,0.91,0.94,0.94,0.89,0.89,0.89,0.96,
6,sgr,BoostedTrees,F,0.89,0.92,0.96,0.96,0.96,0.93,0.93,0.96,0.88,0.91,
6,sgr,BoostedTrees,F-X,0.92,0.94,0.95,0.92,0.97,0.95,0.97,0.98,0.90,0.92,
6,sgr,BoostedTrees,F-MARX,0.87,0.81,0.85,0.92,0.99,0.95,0.96,0.99,0.95,0.97,
6,sgr,BoostedTrees,F-MAF,0.88,0.91,0.92,1.00,0.98,0.96,0.92,0.95,0.90,0.91,
6,sgr,BoostedTrees,F-Level,0.88,0.92,0.99,1.14,1.01,0.99,0.96,0.90,0.98,0.97,
6,sgr,BoostedTrees,F-X-MARX,0.84,0.86,0.86,0.91,0.96,0.93,0.96,0.98,0.93,0.97,
6,sgr,BoostedTrees,F-X-MAF,0.92,0.92,0.92,0.96,0.93,0.95,0.96,0.96,0.89,0.91,
6,sgr,BoostedTrees,F-X-Level,0.91,0.95,0.91,1.00,0.99,0.99,0.97,0.93,0.93,0.94,
6,sgr,BoostedTrees,F-X-MARX-Level,0.87,0.86,0.88,0.93,1.00,0.95,0.99,0.92,0.93,0.98,
6,sgr,BoostedTrees,X,0.92,0.97,0.94,0.98,0.95,0.97,0.95,0.97,0.89,0.91,
6,sgr,BoostedTrees,MARX,0.85,0.84,0.86,0.93,1.03,0.94,0.96,1.01,0.95,0.97,
6,sgr,BoostedTrees,MAF,0.99,0.90,0.95,0.96,0.98,0.96,0.94,0.97,0.92,0.91,
6,sgr,BoostedTrees,X-MARX,0.86,0.85,0.87,0.91,0.97,0.98,0.95,0.97,0.94,0.96,
6,sgr,BoostedTrees,X-MAF,0.94,0.95,0.95,0.97,0.92,0.97,0.97,0.98,0.91,0.93,
6,sgr,BoostedTrees,X-Level,0.90,0.96,0.95,0.99,0.98,1.00,1.02,0.91,0.88,0.97,
6,sgr,BoostedTrees,X-MARX-Level,0.86,0.84,0.85,0.93,1.00,0.93,0.97,0.94,0.92,0.97,
9,sgr,FM_ABS,-,0.004,0.001,0.076,0.002,0.002,0.004,0.021,0.002,0.002,0.003,
9,sgr,AR,-,0.95,0.89,0.95,0.95,1.02,0.97,1.06,1.01,1.04,0.97,****
9,sgr,AdaptiveLasso,F,0.86,0.85,0.89,0.92,0.96,1.04,0.90,0.94,0.99,0.95,
9,sgr,AdaptiveLasso,F-X,0.96,0.92,0.93,0.98,1.13,1.16,0.90,0.89,0.96,0.95,
9,sgr,AdaptiveLasso,F-MARX,0.88,0.86,0.85,0.94,0.99,1.00,0.91,0.94,1.04,0.94,
9,sgr,AdaptiveLasso,F-MAF,0.91,0.88,0.87,0.94,0.96,1.01,0.90,0.93,1.01,0.95,
9,sgr,AdaptiveLasso,F-Level,0.86,0.83,0.89,0.99,0.90,1.01,0.95,0.94,1.31,1.03,
9,sgr,AdaptiveLasso,F-X-MARX,0.99,0.90,0.88,0.92,1.03,1.00,0.92,0.88,1.03,0.90,
9,sgr,AdaptiveLasso,F-X-MAF,0.96,0.91,0.90,0.98,0.99,1.11,0.89,0.88,0.96,0.93,
9,sgr,AdaptiveLasso,F-X-Level,0.94,0.90,0.93,0.97,1.01,1.20,0.91,0.84,1.05,0.95,
9,sgr,AdaptiveLasso,F-X-MARX-Level,0.98,0.88,0.88,0.94,1.00,1.04,0.92,0.85,1.05,0.91,
9,sgr,AdaptiveLasso,X,0.97,0.92,0.92,1.00,1.09,1.00,0.90,0.89,1.01,0.96,
9,sgr,AdaptiveLasso,MARX,0.90,0.88,0.84,0.92,1.03,1.01,0.93,0.93,1.03,0.98,
9,sgr,AdaptiveLasso,MAF,0.95,0.89,0.89,0.99,1.08,1.00,0.90,0.93,1.02,0.96,
9,sgr,AdaptiveLasso,X-MARX,1.03,0.90,0.88,0.98,1.01,1.00,0.93,0.89,0.98,0.89,
9,sgr,AdaptiveLasso,X-MAF,1.07,0.92,0.89,0.99,1.02,1.10,0.91,0.88,0.98,0.92,
9,sgr,AdaptiveLasso,X-Level,0.95,0.91,0.93,0.98,1.01,1.04,0.92,0.84,1.05,0.95,
9,sgr,AdaptiveLasso,X-MARX-Level,1.00,0.88,0.88,0.94,1.02,1.01,0.93,0.85,1.05,0.91,
9,sgr,ElasticNet,F,0.87,0.86,0.88,0.95,0.95,1.04,1.02,0.94,0.99,0.94,
9,sgr,ElasticNet,F-X,0.96,0.92,0.91,1.00,0.96,0.98,0.94,0.90,0.98,0.93,
9,sgr,ElasticNet,F-MARX,0.88,0.85,0.83,0.94,1.00,1.00,1.01,0.94,1.03,0.95,
9,sgr,ElasticNet,F-MAF,0.89,0.87,0.86,0.94,0.95,1.01,1.08,0.93,1.01,0.96,
9,sgr,ElasticNet,F-Level,0.85,0.83,0.84,1.00,0.90,0.98,1.06,0.95,1.18,1.05,
9,sgr,ElasticNet,F-X-MARX,0.99,0.89,0.84,0.96,1.00,1.01,0.98,0.89,0.98,0.89,
9,sgr,ElasticNet,F-X-MAF,0.96,0.91,0.88,1.00,0.98,1.19,0.94,0.89,0.95,0.93,
9,sgr,ElasticNet,F-X-Level,0.95,0.89,0.91,1.01,0.94,0.97,0.93,0.87,1.04,0.96,
9,sgr,ElasticNet,F-X-MARX-Level,0.97,0.87,0.84,0.96,0.95,0.98,0.98,0.86,1.05,0.90,
9,sgr,ElasticNet,X,0.97,0.92,0.91,0.99,0.98,0.97,0.95,0.89,0.98,0.94,
9,sgr,ElasticNet,MARX,0.88,0.88,0.83,0.92,0.96,1.00,1.03,0.93,1.02,0.96,
9,sgr,ElasticNet,MAF,0.93,0.88,0.87,0.97,1.00,0.99,1.17,0.93,1.03,0.96,
9,sgr,ElasticNet,X-MARX,1.02,0.89,0.84,0.96,0.98,0.99,0.99,0.89,0.98,0.88,
9,sgr,ElasticNet,X-MAF,0.96,0.91,0.88,0.96,0.99,0.97,0.96,0.90,0.97,0.92,
9,sgr,ElasticNet,X-Level,0.95,0.89,0.91,0.98,0.95,0.96,0.95,0.85,1.05,0.96,
9,sgr,ElasticNet,X-MARX-Level,0.98,0.87,0.84,0.96,1.00,1.05,0.99,0.85,1.04,0.90,
9,sgr,LinearBoosting,F,0.86,0.89,0.87,0.95,0.94,1.01,1.04,1.17,1.24,1.00,
9,sgr,LinearBoosting,F-X,1.00,0.94,0.90,0.99,1.03,1.02,0.96,1.03,1.11,0.97,
9,sgr,LinearBoosting,F-MARX,0.87,0.94,0.82,0.95,0.93,1.03,1.03,1.13,1.19,1.00,
9,sgr,LinearBoosting,F-MAF,0.89,0.88,0.86,0.96,0.93,0.97,1.08,0.93,1.02,0.97,
9,sgr,LinearBoosting,F-Level,0.85,0.81,0.84,0.97,0.93,1.00,1.04,0.98,1.12,0.99,
9,sgr,LinearBoosting,F-X-MARX,0.91,0.96,0.83,0.98,0.97,1.23,1.03,1.10,1.25,0.99,
9,sgr,LinearBoosting,F-X-MAF,1.13,0.91,0.86,0.96,1.01,0.98,0.98,0.91,1.02,0.97,
9,sgr,LinearBoosting,F-X-Level,0.92,0.90,0.89,0.98,1.07,0.98,1.00,0.96,1.03,0.94,
9,sgr,LinearBoosting,F-X-MARX-Level,0.89,0.89,0.81,0.95,1.00,1.05,1.05,0.99,1.07,0.99,
9,sgr,LinearBoosting,X,0.95,0.99,0.90,1.00,1.09,1.02,0.97,1.02,1.18,0.97,
9,sgr,LinearBoosting,MARX,0.87,0.97,0.82,0.98,0.97,0.99,1.08,1.09,1.29,1.06,
9,sgr,LinearBoosting,MAF,0.95,0.91,0.89,0.96,0.96,0.95,1.09,0.95,1.09,0.96,
9,sgr,LinearBoosting,X-MARX,0.93,0.99,0.82,0.99,1.03,1.13,1.09,1.09,1.17,1.02,
9,sgr,LinearBoosting,X-MAF,0.95,0.91,0.88,0.95,1.13,1.01,0.97,0.89,1.03,1.01,
9,sgr,LinearBoosting,X-Level,0.94,0.91,0.90,0.99,1.03,1.00,0.96,0.97,1.03,0.95,
9,sgr,LinearBoosting,X-MARX-Level,0.88,0.89,0.83,1.08,1.10,0.97,1.05,1.00,1.05,1.07,
9,sgr,RandomForest,F,0.87,0.86,0.87,0.87,0.89,0.92,0.91,0.89,0.85,0.87,
9,sgr,RandomForest,F-X,0.93,0.90,0.89,0.89,0.88,0.93,0.86,0.89,0.87,0.89,
9,sgr,RandomForest,F-MARX,0.85,0.79,0.82,0.82,0.86,0.91,0.86,0.92,0.94,0.96,
9,sgr,RandomForest,F-MAF,0.93,0.84,0.88,0.86,0.84,0.91,0.85,0.91,0.91,0.92,
9,sgr,RandomForest,F-Level,0.92,0.92,0.95,1.10,0.85,0.97,0.92,0.82,0.92,0.98,
9,sgr,RandomForest,F-X-MARX,0.86,0.81,0.83,0.83,0.87,0.93,0.84,0.91,0.94,0.95,
9,sgr,RandomForest,F-X-MAF,0.93,0.87,0.88,0.87,0.86,0.94,0.84,0.90,0.89,0.92,
9,sgr,RandomForest,F-X-Level,0.90,0.90,0.89,0.94,0.86,0.94,0.85,0.83,0.89,0.93,
9,sgr,RandomForest,F-X-MARX-Level,0.85,0.80,0.83,0.86,0.86,0.92,0.86,0.87,0.93,0.96,
9,sgr,RandomForest,X,0.93,0.90,0.90,0.89,0.88,0.92,0.86,0.88,0.86,0.89,
9,sgr,RandomForest,MARX,0.84,0.79,0.83,0.83,0.88,0.91,0.87,0.92,0.95,0.97,
9,sgr,RandomForest,MAF,0.96,0.85,0.91,0.88,0.84,0.93,0.87,0.91,0.91,0.91,
9,sgr,RandomForest,X-MARX,0.86,0.80,0.83,0.83,0.88,0.92,0.85,0.90,0.94,0.95,
9,sgr,RandomForest,X-MAF,0.93,0.87,0.89,0.87,0.87,0.94,0.85,0.90,0.88,0.91,
9,sgr,RandomForest,X-Level,0.92,0.90,0.90,0.95,0.87,0.95,0.87,0.82,0.89,0.93,
9,sgr,RandomForest,X-MARX-Level,0.86,0.80,0.84,0.86,0.88,0.91,0.86,0.87,0.93,0.96,
9,sgr,BoostedTrees,F,0.88,0.87,0.96,0.93,0.92,0.89,0.92,0.96,0.92,0.89,
9,sgr,BoostedTrees,F-X,0.92,0.88,0.94,0.91,0.93,0.92,0.95,0.95,0.93,0.91,
9,sgr,BoostedTrees,F-MARX,0.87,0.77,0.85,0.86,0.95,0.96,0.97,0.99,1.02,0.97,
9,sgr,BoostedTrees,F-MAF,0.88,0.86,0.92,0.97,0.92,0.92,0.91,0.95,0.95,0.89,
9,sgr,BoostedTrees,F-Level,0.90,0.89,0.99,1.16,0.98,0.96,0.94,0.84,1.04,0.97,
9,sgr,BoostedTrees,F-X-MARX,0.84,0.84,0.85,0.86,0.92,0.90,0.95,0.98,0.99,0.97,
9,sgr,BoostedTrees,F-X-MAF,0.91,0.87,0.91,0.95,0.90,0.92,0.94,0.95,0.93,0.89,
9,sgr,BoostedTrees,F-X-Level,0.90,0.91,0.91,1.00,0.94,0.96,0.95,0.90,0.98,0.92,
9,sgr,BoostedTrees,F-X-MARX-Level,0.85,0.83,0.87,0.89,0.96,0.94,0.98,0.91,0.99,0.96,
9,sgr,BoostedTrees,X,0.93,0.91,0.93,0.98,0.93,0.94,0.94,0.94,0.93,0.90,
9,sgr,BoostedTrees,MARX,0.86,0.81,0.86,0.87,0.99,0.95,0.96,1.02,1.01,0.97,
9,sgr,BoostedTrees,MAF,1.00,0.83,0.95,0.95,0.93,0.93,0.91,0.96,0.97,0.89,
9,sgr,BoostedTrees,X-MARX,0.85,0.82,0.87,0.89,0.93,0.95,0.94,0.96,0.99,0.95,
9,sgr,BoostedTrees,X-MAF,0.95,0.91,0.93,0.97,0.87,0.93,0.96,0.96,0.95,0.91,
9,sgr,BoostedTrees,X-Level,0.90,0.91,0.93,1.00,0.93,0.97,1.01,0.88,0.92,0.95,
9,sgr,BoostedTrees,X-MARX-Level,0.85,0.82,0.86,0.89,0.97,0.91,0.96,0.92,0.99,0.97,
12,sgr,FM_ABS,-,0.003,0.001,0.077,0.002,0.002,0.003,0.019,0.002,0.001,0.003,
12,sgr,AR,-,0.97,0.88,0.94,0.90,1.00,0.98,1.15,1.02,1.09,1.03,********
12,sgr,AdaptiveLasso,F,0.87,0.84,0.86,0.89,0.91,1.03,0.90,0.95,1.03,0.98,
12,sgr,AdaptiveLasso,F-X,0.96,0.89,0.90,0.94,1.04,1.17,0.92,0.89,0.98,0.98,
12,sgr,AdaptiveLasso,F-MARX,0.90,0.86,0.84,0.90,0.96,0.99,0.93,0.94,1.08,1.02,
12,sgr,AdaptiveLasso,F-MAF,0.92,0.87,0.86,0.91,0.91,1.01,0.91,0.93,1.03,0.99,
12,sgr,AdaptiveLasso,F-Level,0.89,0.81,0.88,0.97,0.86,1.00,0.98,0.96,1.33,1.06,
12,sgr,AdaptiveLasso,F-X-MARX,0.99,0.89,0.86,0.89,0.99,0.99,0.95,0.87,1.06,0.96,
12,sgr,AdaptiveLasso,F-X-MAF,0.96,0.89,0.88,0.96,0.96,1.11,0.91,0.88,0.99,0.95,
12,sgr,AdaptiveLasso,F-X-Level,0.94,0.88,0.90,0.95,0.96,1.20,0.93,0.85,1.08,0.99,
12,sgr,AdaptiveLasso,F-X-MARX-Level,0.98,0.87,0.87,0.91,0.95,1.03,0.95,0.85,1.09,0.97,
12,sgr,AdaptiveLasso,X,0.97,0.90,0.90,0.96,1.04,0.99,0.92,0.89,1.03,0.98,
12,sgr,AdaptiveLasso,MARX,0.91,0.87,0.84,0.89,1.01,1.00,0.95,0.92,1.08,1.08,
12,sgr,AdaptiveLasso,MAF,0.96,0.87,0.86,0.94,1.05,0.99,0.89,0.93,1.04,1.00,
12,sgr,AdaptiveLasso,X-MARX,1.03,0.89,0.87,0.94,0.98,0.99,0.96,0.89,1.00,0.94,
12,sgr,AdaptiveLasso,X-MAF,1.07,0.90,0.88,0.94,0.98,1.09,0.93,0.88,1.01,0.95,
12,sgr,AdaptiveLasso,X-Level,0.95,0.88,0.91,0.97,0.96,1.02,0.94,0.85,1.08,0.99,
12,sgr,AdaptiveLasso,X-MARX-Level,1.00,0.87,0.86,0.91,0.99,1.00,0.96,0.85,1.09,0.97,
12,sgr,ElasticNet,F,0.88,0.85,0.86,0.91,0.91,1.03,1.06,0.95,1.02,0.98,
12,sgr,ElasticNet,F-X,0.96,0.90,0.88,0.95,0.93,0.97,0.97,0.90,1.01,0.96,
12,sgr,ElasticNet,F-MARX,0.90,0.85,0.83,0.90,0.97,0.99,1.06,0.94,1.07,1.02,
12,sgr,ElasticNet,F-MAF,0.91,0.87,0.84,0.91,0.90,1.00,1.12,0.93,1.03,1.00,
12,sgr,ElasticNet,F-Level,0.89,0.81,0.84,0.99,0.86,0.98,1.15,0.96,1.20,1.09,
12,sgr,ElasticNet,F-X-MARX,0.98,0.88,0.83,0.92,0.97,1.00,1.03,0.88,1.00,0.93,
12,sgr,ElasticNet,F-X-MAF,0.96,0.89,0.86,0.95,0.95,1.20,0.97,0.89,0.98,0.95,
12,sgr,ElasticNet,F-X-Level,0.94,0.87,0.88,0.96,0.91,0.96,0.96,0.87,1.08,0.99,
12,sgr,ElasticNet,F-X-MARX-Level,0.97,0.86,0.82,0.92,0.91,0.98,1.03,0.85,1.09,0.95,
12,sgr,ElasticNet,X,0.97,0.90,0.88,0.95,0.95,0.96,0.98,0.88,1.00,0.96,
12,sgr,ElasticNet,MARX,0.90,0.87,0.83,0.89,0.93,0.99,1.09,0.92,1.08,1.06,
12,sgr,ElasticNet,MAF,0.95,0.87,0.84,0.94,0.97,0.98,1.21,0.93,1.05,1.00,
12,sgr,ElasticNet,X-MARX,1.02,0.88,0.83,0.92,0.95,0.98,1.05,0.89,1.00,0.93,
12,sgr,ElasticNet,X-MAF,0.97,0.90,0.86,0.91,0.96,0.96,0.99,0.89,0.99,0.95,
12,sgr,ElasticNet,X-Level,0.95,0.87,0.88,0.94,0.92,0.95,0.98,0.86,1.09,0.99,
12,sgr,ElasticNet,X-MARX-Level,0.98,0.86,0.82,0.93,0.97,1.05,1.06,0.85,1.09,0.96,
12,sgr,LinearBoosting,F,0.87,0.87,0.84,0.91,0.90,1.00,1.09,1.19,1.35,1.05,
12,sgr,LinearBoosting,F-X,0.98,0.90,0.86,0.95,1.01,1.01,0.99,1.03,1.19,1.01,
12,sgr,LinearBoosting,F-MARX,0.89,0.91,0.81,0.92,0.90,1.02,1.09,1.14,1.28,1.06,
12,sgr,LinearBoosting,F-MAF,0.91,0.88,0.84,0.93,0.88,0.96,1.13,0.93,1.06,1.00,
12,sgr,LinearBoosting,F-Level,0.87,0.80,0.82,0.96,0.89,1.00,1.10,1.01,1.19,1.05,
12,sgr,LinearBoosting,F-X-MARX,0.91,0.92,0.81,0.95,0.93,1.24,1.07,1.11,1.35,1.06,
12,sgr,LinearBoosting,F-X-MAF,1.12,0.89,0.84,0.93,0.97,0.98,1.01,0.90,1.07,1.00,
12,sgr,LinearBoosting,F-X-Level,0.92,0.87,0.85,0.94,1.03,0.97,1.03,0.98,1.10,0.98,
12,sgr,LinearBoosting,F-X-MARX-Level,0.90,0.86,0.80,0.93,0.95,1.03,1.09,1.00,1.14,1.05,
12,sgr,LinearBoosting,X,0.94,0.94,0.86,0.98,1.04,1.01,1.01,1.02,1.24,1.02,
12,sgr,LinearBoosting,MARX,0.89,0.92,0.82,0.94,0.93,0.98,1.15,1.11,1.38,1.13,
12,sgr,LinearBoosting,MAF,0.96,0.90,0.86,0.93,0.93,0.94,1.14,0.95,1.12,1.01,
12,sgr,LinearBoosting,X-MARX,0.93,0.94,0.81,0.94,0.98,1.11,1.14,1.10,1.26,1.08,
12,sgr,LinearBoosting,X-MAF,0.94,0.89,0.86,0.94,1.10,1.00,1.00,0.88,1.09,1.04,
12,sgr,LinearBoosting,X-Level,0.94,0.88,0.86,0.96,1.00,1.00,1.00,0.99,1.10,1.00,
12,sgr,LinearBoosting,X-MARX-Level,0.89,0.86,0.82,1.06,1.06,0.96,1.11,1.01,1.12,1.15,
12,sgr,RandomForest,F,0.89,0.84,0.85,0.85,0.86,0.91,0.91,0.90,0.87,0.89,
12,sgr,RandomForest,F-X,0.94,0.87,0.87,0.88,0.84,0.94,0.87,0.89,0.88,0.92,
12,sgr,RandomForest,F-MARX,0.88,0.78,0.82,0.81,0.82,0.91,0.87,0.92,0.97,1.01,
12,sgr,RandomForest,F-MAF,0.96,0.81,0.87,0.84,0.80,0.91,0.85,0.92,0.92,0.95,
12,sgr,RandomForest,F-Level,0.95,0.90,0.94,1.10,0.81,0.97,0.93,0.81,0.97,1.05,
12,sgr,RandomForest,F-X-MARX,0.88,0.80,0.82,0.81,0.84,0.94,0.85,0.91,0.97,0.99,
12,sgr,RandomForest,F-X-MAF,0.95,0.84,0.86,0.85,0.83,0.94,0.85,0.89,0.90,0.95,
12,sgr,RandomForest,F-X-Level,0.92,0.87,0.88,0.92,0.83,0.95,0.86,0.83,0.94,0.98,
12,sgr,RandomForest,F-X-MARX-Level,0.87,0.79,0.83,0.84,0.83,0.93,0.88,0.87,0.98,1.02,
12,sgr,RandomForest,X,0.94,0.87,0.88,0.88,0.85,0.93,0.88,0.88,0.88,0.92,
12,sgr,RandomForest,MARX,0.87,0.78,0.82,0.82,0.84,0.91,0.89,0.93,0.99,1.02,
12,sgr,RandomForest,MAF,0.99,0.81,0.89,0.85,0.82,0.94,0.88,0.91,0.93,0.95,
12,sgr,RandomForest,X-MARX,0.88,0.79,0.82,0.82,0.85,0.92,0.86,0.91,0.96,0.99,
12,sgr,RandomForest,X-MAF,0.95,0.84,0.87,0.85,0.85,0.94,0.86,0.90,0.90,0.94,
12,sgr,RandomForest,X-Level,0.93,0.87,0.88,0.95,0.84,0.95,0.88,0.82,0.94,0.98,
12,sgr,RandomForest,X-MARX-Level,0.88,0.79,0.83,0.85,0.85,0.92,0.87,0.86,0.98,1.02,
12,sgr,BoostedTrees,F,0.90,0.84,0.93,0.91,0.89,0.89,0.93,0.97,0.95,0.92,
12,sgr,BoostedTrees,F-X,0.94,0.85,0.92,0.88,0.89,0.91,0.97,0.96,0.97,0.94,
12,sgr,BoostedTrees,F-MARX,0.90,0.75,0.84,0.85,0.91,0.95,1.01,0.99,1.05,1.03,
12,sgr,BoostedTrees,F-MAF,0.89,0.82,0.88,0.94,0.89,0.91,0.92,0.95,0.98,0.91,
12,sgr,BoostedTrees,F-Level,0.93,0.88,0.94,1.16,0.96,0.96,0.96,0.84,1.13,1.03,
12,sgr,BoostedTrees,F-X-MARX,0.87,0.82,0.85,0.86,0.89,0.88,0.97,0.98,1.02,1.01,
12,sgr,BoostedTrees,F-X-MAF,0.92,0.84,0.88,0.93,0.87,0.91,0.95,0.96,0.96,0.92,
12,sgr,BoostedTrees,F-X-Level,0.91,0.87,0.89,0.99,0.93,0.94,0.96,0.90,1.03,0.96,
12,sgr,BoostedTrees,F-X-MARX-Level,0.87,0.82,0.85,0.91,0.94,0.92,1.01,0.92,1.03,1.02,
12,sgr,BoostedTrees,X,0.95,0.88,0.90,0.96,0.88,0.94,0.98,0.93,0.96,0.92,
12,sgr,BoostedTrees,MARX,0.89,0.79,0.85,0.86,0.94,0.93,1.00,1.02,1.06,1.03,
12,sgr,BoostedTrees,MAF,1.02,0.79,0.91,0.92,0.91,0.92,0.92,0.96,1.01,0.91,
12,sgr,BoostedTrees,X-MARX,0.87,0.81,0.86,0.88,0.90,0.94,0.96,0.97,1.03,1.00,
12,sgr,BoostedTrees,X-MAF,0.97,0.87,0.92,0.95,0.84,0.93,0.97,0.96,0.97,0.93,
12,sgr,BoostedTrees,X-Level,0.92,0.88,0.91,0.98,0.91,0.95,1.03,0.88,0.96,0.98,
12,sgr,BoostedTrees,X-MARX-Level,0.88,0.80,0.85,0.89,0.93,0.89,0.97,0.92,1.03,1.02,
24,sgr,FM_ABS,-,0.003,0.001,0.068,0.002,0.002,0.003,0.014,0.002,0.002,0.003,
24,sgr,AR,-,1.15,0.94,1.13,0.96,0.97,1.05,1.48,1.02,1.04,0.99,******
24,sgr,AdaptiveLasso,F,1.02,0.93,0.99,0.91,0.82,1.06,1.01,0.95,0.99,0.96,
24,sgr,AdaptiveLasso,F-X,1.02,0.94,1.01,0.93,0.96,1.18,1.05,0.89,0.91,0.94,
24,sgr,AdaptiveLasso,F-MARX,1.07,0.95,1.03,0.92,0.84,1.02,1.09,0.96,0.98,1.01,
24,sgr,AdaptiveLasso,F-MAF,1.04,0.96,1.00,0.92,0.79,1.02,1.04,0.95,0.97,0.92,
24,sgr,AdaptiveLasso,F-Level,1.03,0.90,1.02,1.07,0.82,1.00,1.07,1.03,1.30,1.08,
24,sgr,AdaptiveLasso,F-X-MARX,1.09,0.96,1.00,0.97,0.88,1.00,1.10,0.88,0.99,0.92,
24,sgr,AdaptiveLasso,F-X-MAF,1.04,0.95,1.02,1.03,0.84,1.13,1.05,0.89,0.92,0.90,
24,sgr,AdaptiveLasso,F-X-Level,1.00,0.93,1.03,0.98,0.88,1.27,1.04,0.92,1.03,0.95,
24,sgr,AdaptiveLasso,F-X-MARX-Level,1.09,0.94,1.01,0.95,0.84,1.04,1.09,0.92,1.04,0.94,
24,sgr,AdaptiveLasso,X,1.05,0.95,1.01,0.96,0.93,0.99,1.05,0.89,0.97,0.93,
24,sgr,AdaptiveLasso,MARX,1.10,0.98,1.02,0.92,0.89,1.03,1.12,0.95,0.98,1.04,
24,sgr,AdaptiveLasso,MAF,1.07,0.95,0.97,0.99,0.93,0.98,1.01,0.94,0.96,0.93,
24,sgr,AdaptiveLasso,X-MARX,1.14,0.97,1.01,0.95,0.86,0.98,1.12,0.89,0.92,0.90,
24,sgr,AdaptiveLasso,X-MAF,1.15,0.96,1.01,0.95,0.87,1.12,1.06,0.89,0.95,0.91,
24,sgr,AdaptiveLasso,X-Level,1.01,0.93,1.03,1.00,0.90,1.08,1.05,0.92,1.03,0.94,
24,sgr,AdaptiveLasso,X-MARX-Level,1.11,0.94,1.01,0.95,0.87,1.00,1.11,0.91,1.03,0.94,
24,sgr,ElasticNet,F,0.99,0.93,0.99,0.93,0.80,1.06,1.27,0.94,0.99,0.94,
24,sgr,ElasticNet,F-X,1.03,0.95,0.99,0.93,0.85,1.03,1.15,0.90,0.95,0.93,
24,sgr,ElasticNet,F-MARX,1.09,0.96,1.01,0.93,0.86,1.01,1.31,0.96,0.97,1.00,
24,sgr,ElasticNet,F-MAF,1.01,0.96,0.97,0.94,0.79,1.01,1.40,0.95,0.96,0.95,
24,sgr,ElasticNet,F-Level,1.04,0.91,1.01,1.10,0.78,0.98,1.50,1.04,1.18,1.11,
24,sgr,ElasticNet,F-X-MARX,1.09,0.95,0.98,0.93,0.88,1.01,1.25,0.88,0.93,0.90,
24,sgr,ElasticNet,F-X-MAF,1.04,0.95,1.00,0.94,0.85,1.26,1.13,0.90,0.92,0.91,
24,sgr,ElasticNet,F-X-Level,1.01,0.93,1.00,0.97,0.83,1.01,1.13,0.94,1.04,0.94,
24,sgr,ElasticNet,F-X-MARX-Level,1.08,0.94,0.97,0.95,0.83,0.98,1.26,0.92,1.05,0.92,
24,sgr,ElasticNet,X,1.04,0.95,0.99,0.94,0.88,1.03,1.15,0.89,0.94,0.92,
24,sgr,ElasticNet,MARX,1.10,0.97,1.02,0.92,0.82,1.02,1.37,0.95,0.97,1.05,
24,sgr,ElasticNet,MAF,1.05,0.95,0.95,0.99,0.84,0.97,1.55,0.95,0.96,0.94,
24,sgr,ElasticNet,X-MARX,1.13,0.96,0.97,0.94,0.84,0.98,1.28,0.89,0.93,0.89,
24,sgr,ElasticNet,X-MAF,1.05,0.95,1.00,0.94,0.88,0.96,1.16,0.90,0.92,0.91,
24,sgr,ElasticNet,X-Level,1.01,0.93,1.00,1.00,0.85,0.94,1.15,0.93,1.05,0.95,
24,sgr,ElasticNet,X-MARX-Level,1.08,0.94,0.97,0.95,0.86,1.07,1.29,0.92,1.04,0.92,
24,sgr,LinearBoosting,F,1.01,0.95,0.99,0.91,0.80,1.01,1.36,1.16,1.34,1.02,
24,sgr,LinearBoosting,F-X,1.06,0.93,0.97,0.93,0.92,1.03,1.19,1.04,1.15,0.98,
24,sgr,LinearBoosting,F-MARX,1.10,0.95,1.00,0.94,0.80,1.06,1.36,1.16,1.19,1.06,
24,sgr,LinearBoosting,F-MAF,1.03,0.97,1.00,0.94,0.79,0.94,1.41,0.97,1.00,0.95,
24,sgr,LinearBoosting,F-Level,1.02,0.90,0.98,1.03,0.81,1.01,1.35,1.09,1.22,1.05,
24,sgr,LinearBoosting,F-X-MARX,1.05,0.94,0.97,0.95,0.83,1.27,1.32,1.11,1.25,1.04,
24,sgr,LinearBoosting,F-X-MAF,1.23,0.93,0.96,0.94,0.86,0.97,1.25,0.93,1.04,0.98,
24,sgr,LinearBoosting,F-X-Level,1.01,0.92,0.98,0.95,0.94,0.95,1.28,1.05,1.10,0.97,
24,sgr,LinearBoosting,F-X-MARX-Level,1.04,0.92,0.97,0.95,0.85,1.03,1.34,1.06,1.07,1.04,
24,sgr,LinearBoosting,X,1.01,0.93,0.95,0.97,0.94,0.98,1.22,1.04,1.20,1.00,
24,sgr,LinearBoosting,MARX,1.13,0.95,1.00,0.97,0.85,0.98,1.47,1.12,1.27,1.14,
24,sgr,LinearBoosting,MAF,1.06,0.97,0.98,0.97,0.80,0.92,1.43,0.98,1.06,0.95,
24,sgr,LinearBoosting,X-MARX,1.07,0.94,0.95,0.94,0.88,1.12,1.44,1.11,1.16,1.06,
24,sgr,LinearBoosting,X-MAF,1.02,0.93,0.95,0.98,0.98,0.97,1.21,0.91,1.06,0.99,
24,sgr,LinearBoosting,X-Level,1.00,0.89,0.94,0.95,0.95,0.97,1.21,1.07,1.12,0.97,
24,sgr,LinearBoosting,X-MARX-Level,1.06,0.91,0.96,1.09,0.95,0.95,1.38,1.08,1.06,1.14,
24,sgr,RandomForest,F,1.03,0.90,1.03,0.89,0.78,0.91,1.00,0.86,0.81,0.81,
24,sgr,RandomForest,F-X,1.05,0.91,1.03,0.93,0.74,0.95,0.95,0.86,0.80,0.86,
24,sgr,RandomForest,F-MARX,1.10,0.89,1.07,0.91,0.75,0.96,1.08,0.89,0.88,0.97,
24,sgr,RandomForest,F-MAF,1.12,0.88,1.06,0.93,0.73,0.92,0.94,0.86,0.84,0.89,
24,sgr,RandomForest,F-Level,1.16,0.96,1.17,1.23,0.77,1.02,1.10,0.78,0.93,1.02,
24,sgr,RandomForest,F-X-MARX,1.07,0.89,1.04,0.89,0.75,0.95,1.01,0.89,0.87,0.94,
24,sgr,RandomForest,F-X-MAF,1.08,0.90,1.03,0.92,0.73,0.95,0.93,0.85,0.82,0.89,
24,sgr,RandomForest,F-X-Level,1.06,0.92,1.05,1.00,0.74,0.96,0.96,0.81,0.88,0.95,
24,sgr,RandomForest,F-X-MARX-Level,1.07,0.89,1.06,0.92,0.74,0.94,1.03,0.87,0.91,0.99,
24,sgr,RandomForest,X,1.03,0.91,1.02,0.94,0.75,0.93,0.96,0.85,0.80,0.85,
24,sgr,RandomForest,MARX,1.10,0.88,1.08,0.92,0.77,0.96,1.11,0.90,0.90,0.98,
24,sgr,RandomForest,MAF,1.14,0.87,1.07,0.95,0.73,0.95,0.97,0.84,0.84,0.89,
24,sgr,RandomForest,X-MARX,1.05,0.89,1.05,0.89,0.76,0.94,1.02,0.88,0.87,0.94,
24,sgr,RandomForest,X-MAF,1.07,0.90,1.03,0.92,0.74,0.94,0.94,0.85,0.82,0.88,
24,sgr,RandomForest,X-Level,1.07,0.91,1.04,1.02,0.75,0.97,1.00,0.81,0.88,0.95,
24,sgr,RandomForest,X-MARX-Level,1.08,0.89,1.06,0.93,0.76,0.94,1.03,0.86,0.91,1.00,
24,sgr,BoostedTrees,F,1.03,0.89,1.07,0.90,0.78,0.85,1.00,0.94,0.92,0.87,
24,sgr,BoostedTrees,F-X,1.06,0.90,1.02,0.92,0.77,0.87,1.06,0.95,0.89,0.88,
24,sgr,BoostedTrees,F-MARX,1.09,0.86,1.04,0.91,0.83,0.95,1.13,0.97,0.96,0.98,
24,sgr,BoostedTrees,F-MAF,1.00,0.86,1.01,1.02,0.78,0.90,1.03,0.91,0.89,0.86,
24,sgr,BoostedTrees,F-Level,1.11,0.97,1.07,1.25,0.88,0.95,1.00,0.82,1.06,0.97,
24,sgr,BoostedTrees,F-X-MARX,1.09,0.92,1.01,0.97,0.79,0.87,1.10,0.95,0.92,0.94,
24,sgr,BoostedTrees,F-X-MAF,1.04,0.89,1.03,1.00,0.78,0.87,0.99,0.93,0.89,0.86,
24,sgr,BoostedTrees,F-X-Level,1.00,0.92,1.03,1.04,0.84,0.93,1.02,0.91,0.95,0.88,
24,sgr,BoostedTrees,F-X-MARX-Level,1.05,0.91,1.04,1.02,0.82,0.94,1.11,0.91,0.95,1.01,
24,sgr,BoostedTrees,X,1.08,0.91,0.99,1.02,0.78,0.90,1.03,0.92,0.89,0.86,
24,sgr,BoostedTrees,MARX,1.10,0.91,1.07,0.96,0.83,0.96,1.13,0.99,0.97,0.99,
24,sgr,BoostedTrees,MAF,1.16,0.85,1.07,1.04,0.79,0.91,1.01,0.91,0.91,0.82,
24,sgr,BoostedTrees,X-MARX,1.03,0.89,1.04,0.97,0.81,0.90,1.05,0.95,0.94,0.95,
24,sgr,BoostedTrees,X-MAF,1.08,0.89,1.04,1.03,0.75,0.89,1.03,0.93,0.89,0.88,
24,sgr,BoostedTrees,X-Level,1.06,0.91,1.02,1.04,0.80,0.93,1.12,0.90,0.88,0.93,
24,sgr,BoostedTrees,X-MARX-Level,1.07,0.90,1.04,0.97,0.83,0.90,1.05,0.91,0.97,0.99,
